listing_id,artist,title,label,catno,format,release_id,status,price,listed,comments,media_condition,sleeve_condition,accept_offer,external_id,weight,format_quantity,location
1510888348,Rick James,Street Songs,Gordy,G8-1002M1,"LP, Album",176072,Sold,8.0,2021-06-15 09:09:11,"Wax looks great, with only tiny scuff, Jacket has been loved with scuffed edges, inner sleeve intact, have kept wax in Mofi Archive sleeve. 80's Boogie mega classic. ",Very Good Plus (VG+),Very Good (VG),N,,230,1,"Morristown, NJ"
1510888930,Rick James,Come Get It!,Gordy,G7-981R1,"LP, Album",726381,Sold,8.0,2021-06-15 09:11:25,"Wax shows slight signs of wear, plays clean. Jacket has worn edges, kept in 3mm poly sleeve. Wax kept in MoFi Archive inner sleeve. Fantastic funk album.",Very Good (VG),Very Good (VG),N,,230,1,"Morristown, NJ"
1511232388,Defunkt,Defunkt,Hannibal Records,HNBL 1301,"LP, Album",2563792,Sold,10.0,2021-06-15 12:32:55,"Wax looks near mint, jacket has top right corner cut, shelf wear. Fusion of punk rock, funk, and jazz",Near Mint (NM or M-),Very Good Plus (VG+),N,,230,1,"Morristown, NJ"
1518223717,Commodores,All The Great Hits,Motown,6028ML,"LP, Comp",478427,Sold,10.0,2021-06-21 13:39:15,"Funk and soul masters greatest hits. Wax in fantastic shape, no marks, full of luster. Jackets has slight shelf wear, top left corner bump. Listen to our audio sample to hear for yourself.",Near Mint (NM or M-),Very Good Plus (VG+),N,,230,1,"morristown, nj"
1518225055,Eazy-E,Eazy-Duz-It / Ruthless Villain / Radio,"Ruthless Records, Priority Records",VL 9757,"12"", Single",333864,Sold,15.0,2021-06-21 13:45:14,"Eazy-E solo 12"" with the help of Dr.Dre. Classic! Wax is shiny, fantastic shape, sounds great. Jacket has shelf wear and corner bumps. Wax outside jacket, inside a Mofi Archive inner sleeve. Have a listen to our audio sample",Very Good Plus (VG+),Very Good (VG),N,,230,1,"morristown, nj"
1518234787,Lord Finesse,Return Of The Funky Man,Traffic Entertainment Group,TEG 75508-1,"2xLP, Album, RE",597826,Sold,40.0,2021-06-21 14:09:34,"Wax looks perfect, sounds fantastic. Jackets has ever so slight corner bumps, otherwise flawless. Wax kept inside archive quality inner sleeves outside of jacket to prevent ring wear. Have a listen to audio sample to hear and judge for yourself.",Near Mint (NM or M-),Near Mint (NM or M-),N,,460,2,"morristown, nj"
1549711597,Donna Summer,Bad Girls,Casablanca,NBLP-2-7150,"2xLP, Album, 53 ",224935,Sold,15.0,2021-07-14 10:06:15,"Wax in good shape, still with gloss. Jacket was edge wear. Original red inner lyrics sleeves included .Wax kept in Mofi Inner sleeves outside of jacket. Everything kept in 3mm poly. Inspect our audio sample to hear the quality of this vinyl for yourself. ",Very Good Plus (VG+),Very Good (VG),N,,460,2,"morristown, nj"
1552865512,The Wild Tchoupitoulas,The Wild Tchoupitoulas,"Island Records, Island Records","ILPS 9360, ILPS-9360","LP, Album, Pit",1386802,Sold,20.0,2021-07-16 07:12:38,"Fantastic musicianship and grooves.Wax has small scuffs, otherwise sounds great. Jacket has light edge and corner wear. Wax kept inside Mofi inner sleeve outside of jacket. Check audio sample for your own inspection.",Very Good Plus (VG+),Very Good Plus (VG+),N,,230,1,"Morristown, NJ"
1510893418,Donna Summer,Bad Girls,"Casablanca, Casablanca","NBLP 7150/2, NBLP 7150","2xLP, Album, Gat",800416,Sold,10.0,2021-12-21 16:00:47,"ONLY Disc 1, Disc 2 is missing. Wax looks great, plays super clean. Jacket has slight ring wear and wear on corners and edges. The ultimate disco album by the disco queen herself",Very Good Plus (VG+),Very Good (VG),N,,460,2,"Morristown, NJ"
1530795724,Parliament,Motor Booty Affair,Casablanca,NBLP 7125,"LP, Album, Kee",202997,Sold,50.0,2021-12-21 16:00:47,"Wax is glossy and magnificent, label spotless, the unique P-Funk tracks sound excellent, listen to our audio sample. Jacket has small notch in spine from radio station. Original lyrics inner sleeve included. Wax kept outside of jacket, inside archival quality inner.",Near Mint (NM or M-),Very Good (VG),N,,230,1,"Morristown, NJ"
1518233230,Michael Jackson,Thriller,"Epic, MJJ Productions Inc., Legacy","888697353391-1, 88697353391, 8869735339","LP, Album, Pic, RE",10186356,Sold,20.0,2022-01-12 11:58:42,"Best selling album of all time, now with Michael's picture on the wax, groovy! Wax looks great, basically never played. Original plastic fold sleeve, and original inner sleeve included. Wax kept in Mofi master inner sleeve. Have a listen to the audio sample to hear the quality for yourself.",Near Mint (NM or M-),Near Mint (NM or M-),N,,230,1,"Morristown, NJ"
1805896969,Stevie Wonder,Songs In The Key Of Life,Tamla,T13-340C2,"2xLP, Ter + 7"", EP + Album, Gat",266650,Sold,35.0,2022-01-25 09:24:07,"Wax in very good physical shape (on the edge of VG+), sounds good too, take a listen to our audio sample of this copy to hear for yourself. Jacket has 1 seem split, and edge wear for its age. The original inner lyrics book is included. Wax kept in archival quality inner sleeve for preservation. We are a small family run record shop that values honesty and great vinyl like this one.",Very Good (VG),Very Good (VG),N,,750,3,"morristown, nj"
1797596578,No Artist,Environments (New Concepts In Stereo Sound) (Disc 2),Atlantic,SD 66002,"LP, PR ",176729,Sold,15.0,2022-01-25 09:24:08,"Wax looks and sounds great, jacket has normal shelf wear. Listen to our audio sample for your own inspection, were a small family record shop that values honesty and great vinyl",Near Mint (NM or M-),Very Good Plus (VG+),N,,230,1,
1822067071,Al Green,Call Me,Motown,5286ML,"LP, Album, RE",17585359,Sold,15.0,2022-01-26 11:45:18,"Wax in excellent shape, listen to our audio sample of this copy to hear for yourself. Jacket in very good condition with only minimal shelf wear and corner bumps. Original Motown inner sleeve included. Pictures available upon request.",Near Mint (NM or M-),Very Good Plus (VG+),N,,230,1,
1827296905,Marvin Gaye,"Here, My Dear","Tamla, Tamla","T 364LP2, T 364 LP2","2xLP, Album, M/Print, Gat",4866022,Sold,45.0,2022-01-29 18:24:33,"Wax looks nearly flawless, listen to our audio sample to hear for yourself. Marvin was goin' through some stuff!! Jacket and label has previous owner initials. Corner bumps, cutout on lower right corner,.",Near Mint (NM or M-),Very Good Plus (VG+),N,,460,2,
1845075694,Prince,Prince,Warner Bros. Records,BSK 3366,"LP, Album, Win",6011772,Sold,25.0,2022-02-09 07:33:20,"Wax in very good shape, has surface noise but plays through, doesn't overpower. Listen to our audio sample to hear for yourself. Jacket has considerable crate wear, edge+corners+ring. No seem splits. We keep all our vinyl inside 3mm poly outer, wax kept inside archival quality rice-paper inner sleeve.",Very Good (VG),Good (G),N,,230,1,
1845791758,Kid Creole And The Coconuts,I'm A Wonderful Thing,Ze Records,12WIP 6756,"12"", Single",67999,Sold,10.0,2022-02-09 13:36:33,"Wax looks never played, full of luster.  Jacket is in excellent condition. We keep all our vinyl inside 3mm poly outer, wax kept inside archival quality rice-paper inner sleeve.",Near Mint (NM or M-),Very Good Plus (VG+),N,,230,1,
1845792916,Giorgio Moroder,E=MC²,Casablanca,NBLP 7169,"LP, Album, 53 ",3181792,Sold,15.0,2022-02-09 13:40:41,"Wax in excellent shape, listen to our audio sample to hear for yourself. Jacket has very minor corner bumps, could also be a NM. Includes original picture inner lyrics sleeve. We keep all our vinyl inside 3mm poly outer, wax kept inside archival quality rice-paper inner sleeve.",Near Mint (NM or M-),Very Good Plus (VG+),N,,230,1,
1845797734,War,Why Can't We Be Friends?,United Artists Records,UA-LA441-G,"LP, Album",707741,Sold,25.0,2022-02-09 13:56:06,"Wax in vg+ shape, listen to our audio sample to hear for yourself. Jacket is pretty good shape with only light corner bumps and shelf wear. We keep all our vinyl inside 3mm poly outer, wax kept inside archival quality rice-paper inner sleeve.",Very Good Plus (VG+),Very Good (VG),N,,230,1,
1900452092,Kleeer,Intimate Connection,"Real Gone Music, Atlantic",RGM-1041,"LP, Album, Ltd, RE, Red",15542442,Draft,37.0,2022-03-19 11:07:17,"Sealed in shrink, wax assumed to be M. Jacket in perfect condtion, shrink is complete, hype sticker attached. Everything kept in protective poly sleeve.",Mint (M),Near Mint (NM or M-),Y,,230,1,
1904709080,توت أرض = توت أرض,Migrant Birds,Glitterbeat,GBLP 095,"LP, Album",15339165,Sold,30.0,2022-03-23 14:07:47,"Vinyl in near perfect shape, full of gloss and immaculate grooves. Jacket looks fabulous with the most miniscule of corner bumps. Jacket, and vinyl have been kept in protective poly outer and inner sleeves. ",Near Mint (NM or M-),Near Mint (NM or M-),N,,230,1,
1905416714,The Whispers,In The Raw,Solar,AS-11543,"12"", Promo",507294,Draft,17.0,2022-03-24 07:51:15,"Vinyl is very good shape, full of beautiful gloss. Generic Elektra picture jacket. Everything kept in protective sleeves.",Very Good Plus (VG+),Generic,Y,,230,1,
1905482108,Roy Ayers Ubiquity,Vibrations,"Polydor, Polydor","PD-1-6091, 2391 256","LP, Album, All",985353,Sold,20.0,2022-03-24 08:17:47,"Wax has some lights scuff marks, played through on test play. Little to no surface noise, clean otherwise. Jacket has crate wear on front and back. Edge wear and corner bumps. Everything kept inside protective sleeves.",Very Good (VG),Very Good (VG),N,,230,1,
1915169420,DeBarge,All This Love,Gordy,6012GL,"LP, Album, RP, RE-",932782,Sold,35.0,2022-03-31 11:38:20,"Wax in excellent shape, full of gloss, not even the faintest hairline. Cover in very good condition with only light crate edge and corner wear. Everything now kept inside protective poly sleeves.",Near Mint (NM or M-),Very Good Plus (VG+),N,,230,1,
1916682503,Switch (6),Switch,Gordy,G7-980R1,"LP, Album",3095110,Sold,15.0,2022-04-01 14:01:11,"wax in great shape, lots of gloss. Cover looks pretty damn good too. Everything kept in protective sleeves.",Very Good Plus (VG+),Very Good Plus (VG+),N,,230,1,
2936951449,Tomorrow's People,Open Soul,"P-Vine Records, Stage Productions",PLP-7141,"LP, Album, RE",19631422,Sold,50.0,2024-02-20 20:23:35,,Near Mint (NM or M-),Near Mint (NM or M-),N,,230,1,
2937692272,Juno D'Lord,Music Sweet / Hotter & Hotter,Wrecker Records,WR 1559,"12""",10461683,Sold,100.0,2024-02-21 09:38:11,"Great shape, not a speck, bought it sealed but I wanted to listen. Generic sleeve, have kept it in a poly sleeve too.",Near Mint (NM or M-),Generic,N,,230,1,
2941077751,Cerrone,Cerrone's Paradise,Malligator,773 802,"LP, Album",66994,Sold,25.0,2024-02-23 11:41:54,"Great shape, everything kept in protective sleeves",Very Good Plus (VG+),Very Good Plus (VG+),N,,230,1,
2941355824,Isaac Hayes,Hot Buttered Soul,Enterprise,ENS 1001,"LP, Album",10435901,Sold,20.0,2024-02-23 13:10:11,"Great shape, everything kept in protective sleeves. Gold Record Award promo sticker. Hayes best album?",Very Good Plus (VG+),Very Good Plus (VG+),N,,230,1,
2941368838,Phyllis Hyman,You Know How To Love Me,Arista,AL 9509,"LP, Album, San",738161,Sold,20.0,2024-02-23 13:14:38,"Great shape, everything kept in protective sleeves. Mega disco heater",Very Good Plus (VG+),Very Good Plus (VG+),N,,230,1,
2941402876,Maze Featuring Frankie Beverly,Maze Featuring Frankie Beverly,Capitol Records,ST-11607,"LP, Album, Win",1350066,Sold,35.0,2024-02-23 13:50:42,"Great shape, everything kept in protective sleeves. Nice gloss, light hairlines, some of original shrink still on outer sleeve",Very Good Plus (VG+),Very Good Plus (VG+),N,,230,1,
2941429915,Steve Monite / Tabu Ley Rochereau,Only You / Hafi Deo,Soundway,SNDW12025,"12""",10710133,Sold,30.0,2024-02-23 14:09:16,"MINT, original shrink, fantastic shape, everything kept in protective sleeves",Mint (M),Mint (M),N,,230,1,
2941445074,Sylvester,Step II,Fantasy,F-9556,"LP, Album, San",147829,Sold,15.0,2024-02-23 14:54:24,"Great shape, everything kept in protective sleeves. Picture inner sleeve included. ",Near Mint (NM or M-),Very Good Plus (VG+),N,,230,1,
2941449094,Dexter Wansel,Voyager,Philadelphia International Records,JZ 34985,"LP, Album, Pit",670536,Sold,15.0,2024-02-23 15:00:58,"Great shape, everything kept in protective sleeves",Near Mint (NM or M-),Very Good Plus (VG+),N,,230,1,
2942802484,Goldie Alexander,Show You My Love,Arista,CP-713,"12""",2845723,Sold,30.0,2024-02-24 17:19:14,"Great shape, everything kept in protective sleeves. Generic Arista Dance Music cover, right corner notch cut. ""DJ promo copy sticker""",Very Good Plus (VG+),Generic,N,,230,1,
2942803966,Bombers,Bombers 2,West End Records,WE 106,"LP, Album",500856,Sold,10.0,2024-02-24 17:30:18,"Great shape, everything kept in protective sleeves. Original shrink. Promo Sticker",Near Mint (NM or M-),Very Good Plus (VG+),N,,230,1,
2942806702,Garfield Fleming,Don't Send Me Away,Becket Records,BKD 505,"12"", RSD, Single, RE",13479478,Sold,25.0,2024-02-24 17:46:57,"excellent shape, everything kept in protective sleeves. such a soul banger!",Near Mint (NM or M-),Generic,N,,230,1,
2942809954,The Headhunters,Survival Of The Fittest,"Arista, Arista","AL 4038, 4038","LP, Album, RE",1453047,Sold,20.0,2024-02-24 18:12:52,"Great shape, everything kept in protective sleeves",Near Mint (NM or M-),Near Mint (NM or M-),N,,230,1,
2942813824,Dave Matthews (3),Dune,"CTI Records, CTI Records","CTI 7-5005, CTI 7 5005","LP, Album",544208,Sold,25.0,2024-02-24 18:42:40,"excellent shape, everything kept in protective sleeves",Near Mint (NM or M-),Very Good Plus (VG+),N,,230,1,
2943364015,Network (2),I Need You,Past Due,PASTDUEDLP015,"2xLP, Album, RE, RM, Gat",20277517,Sold,35.0,2024-02-25 09:29:02,"excellent shape, everything kept in protective sleeves",Near Mint (NM or M-),Near Mint (NM or M-),N,,460,2,
2943383371,Jimmy Ross,First True Love Affair,Full Time Records,FTM 2018-06,"12"", Num, RM",13260945,Sold,20.0,2024-02-25 09:32:47,"excellent shape, everything kept in protective sleeves. #690 hand written on inner label",Near Mint (NM or M-),Generic,N,,230,1,
2943421522,Vanity 6,Vanity 6,"Warner Bros. Records, Warner Bros. Records","9 23716-1, 1-23716","LP, Album, Win",560291,Sold,20.0,2024-02-25 09:48:48,,Near Mint (NM or M-),Very Good Plus (VG+),N,,230,1,
2943425464,Peter Brown (2),Do Ya Wanna Get Funky With Me?,Drive,DR-104,"LP, Album, Promo",2235740,Sold,10.0,2024-02-25 10:04:56,"good shape, everything kept in protective sleeves",Very Good Plus (VG+),Very Good (VG),N,,230,1,
2943425989,Chemise,She Can't Love You,Emergency Records (2),EMDS 6528,"12"", RE, Unofficial",8509659,Sold,20.0,2024-02-25 10:06:38,"excellent shape, everything kept in protective sleeves. Extremely excellent boogie jam",Near Mint (NM or M-),Generic,N,,230,1,
2943429619,D-Train,You're The One For Me,Prelude Records,PRL 14105,"LP, Album, Hau",222334,Sold,60.0,2024-02-25 10:21:57,"excellent shape, everything kept in protective sleeves",Very Good Plus (VG+),Very Good Plus (VG+),N,,230,1,
2943445018,Aretha Franklin,Get It Right,Arista,AL 8-8019,"LP, Album",7981056,Sold,30.0,2024-02-25 10:30:26,"excellent shape, everything kept in protective sleeves",Very Good Plus (VG+),Very Good Plus (VG+),N,,230,1,
2943451486,Gwen Guthrie,Portrait,"Island Records, Island Records","205 492, 205 492-320","LP, Album",704260,Sold,15.0,2024-02-25 10:32:30,"excellent shape, everything kept in protective sleeves",Near Mint (NM or M-),Very Good Plus (VG+),N,,230,1,
2943485086,Instant Funk,Instant Funk,Salsoul Records,SA 8513,"LP, Album, Ind",176581,Sold,15.0,2024-02-25 10:43:33,"excellent shape, everything kept in protective sleeves",Very Good Plus (VG+),Very Good Plus (VG+),N,,230,1,
2943488755,Eddie Kendricks,People...Hold On,"Tamla, Tamla","T315L, T 315L","LP, Album",443628,Sold,50.0,2024-02-25 10:45:06,"excellent shape, everything kept in protective sleeves. ""Girl You Need To Change Your Ming"" - such a killer song",Very Good Plus (VG+),Very Good Plus (VG+),N,,230,1,
2943489751,Lemelle,You Got Something Special,Leviticus International Records,LVT-1000,"12""",14188666,Sold,30.0,2024-02-25 10:49:16,,Very Good Plus (VG+),Generic,N,,230,1,
2943495478,Various,La Locura de Machuca 1975-1980 ,Analog Africa,AALP 090,"2xLP, Comp",16049087,Sold,35.0,2024-02-25 10:54:27,,Near Mint (NM or M-),Near Mint (NM or M-),N,,460,2,
2943636562,Os Mutantes,Everything Is Possible! - The Best Of Os Mutantes,Luaka Bop,68089-90036-1-2,"LP, RSD, Comp, Ltd, RE, RM",2832452,Sold,25.0,2024-02-25 12:38:10,"excellent shape, everything kept in protective sleeves",Near Mint (NM or M-),Near Mint (NM or M-),Y,,230,1,
2943645160,Slave,Show Time,Music On Vinyl,MOVLP1406,"LP, Album, RE, 180",7145912,Sold,25.0,2024-02-25 12:44:51,"excellent shape, everything kept in protective sleeves",Near Mint (NM or M-),Near Mint (NM or M-),N,,230,1,
2943640747,Psychic Mirrors,Nature Of Evil,Cosmic Chronic,CC #96,"LP, Album",8379917,Sold,80.0,2024-02-26 11:38:16,"excellent shape, everything kept in protective sleeves",Near Mint (NM or M-),Near Mint (NM or M-),N,,230,1,
2962080835,Bob Marley & The Wailers,Catch A Fire,Island Records,ILPS 9241,"LP, Album, RP, Pit",636555,Sold,40.0,2024-03-09 11:27:46,,Very Good Plus (VG+),Very Good Plus (VG+),N,,230,1,
2972251355,"""Weird Al"" Yankovic",In 3-D,Rock 'N' Roll Records,FZ 39221,"LP, Album, Pit",1861785,Sold,30.0,2024-03-17 13:26:18,"Really fantastic shape, inside and outside kept in protective sleeves. ",Near Mint (NM or M-),Near Mint (NM or M-),N,,230,1,
3082739939,Dr. Buzzard's Original Savannah Band,Dr. Buzzard's Original Savannah Band,"RCA Victor, RCA Victor","RS 1072, APL1-1504","LP, Album",112256,Sold,20.0,2024-05-20 10:04:34,"Record in excellent shape, Near Mint. Cover in great shape with original shrink. Everything kept in protective sleeves",Near Mint (NM or M-),Very Good Plus (VG+),N,,230,1,Box 4
3143048594,Augusto Martelli & The Real Mc Coy,The Real Mc Coy N. 2,Aguamanda Records,AGLP 0002,"LP, Gat",2107075,Sold,35.0,2024-06-26 13:38:47,"Jazz Funk and 70s TV theme vibes, Vinyl in VG+ condition. Cover in good condition, light crate wear. Strong spine.",Very Good Plus (VG+),Very Good (VG),N,,230,1,#2
3143948243,New Birth,Birth Day,RCA Victor,LSP-4797,"LP, Album, Ind",414595,Sold,20.0,2024-06-27 06:17:30,"Excellent shape vinyl, cover in very good shape, minor crate wear. Everything kept in protective sleeves because I care.",Very Good Plus (VG+),Very Good Plus (VG+),N,,230,1,#3
3143978429,Malo (2),Malo,Warner Bros. Records,BS 2584,"LP, Album, Pit",686731,Sold,35.0,2024-06-27 06:27:37,"Vinyl in great shape. Cover shows a crate life (ring wear, corner bumps). Everything now kept in protective sleeves, inside and out. Suavecito is intoxicatingly smooth.",Very Good Plus (VG+),Very Good Plus (VG+),N,,230,1,#3
3410099241,MC Shy D,Got To Be Tough,Luke Skyywalker Records,XR-1004,"LP, Album",99193,Sold,20.0,2025-01-13 08:42:27,"Lovely vinyl, cover in very good shape, minor crate wear. Everything kept in protective sleeves because I care.",Very Good Plus (VG+),Very Good Plus (VG+),Y,,230,1,
3410513424,France Joli,Now!,Prelude Records,PRL 14103,"LP, Album, Eur",783951,Sold,20.0,2025-01-13 12:39:43,"Excellent shape vinyl, cover in very good shape, minor crate wear. Everything kept in protective sleeves because I care.",Very Good Plus (VG+),Very Good Plus (VG+),N,,230,1,
3413561427,Curtis Mayfield,Super Fly (The Original Motion Picture Soundtrack),Curtom,CRS 8014 ST,"LP, Album, Son",3926375,Sold,21.0,2025-01-15 12:36:24,"Excellent shape vinyl, cover in very good shape, minor crate wear. Everything kept in protective sleeves because I care.",Very Good Plus (VG+),Very Good Plus (VG+),Y,,230,1,D8
3418675884,Starvue,Upward Bound,Everland,EVERLAND 029,"LP, Album, RE",11960588,Sold,30.0,2025-01-19 06:58:44,"Excellent shape vinyl, cover in excellent shape, minor corner bumps? Everything kept in protective sleeves because I care.",Near Mint (NM or M-),Very Good Plus (VG+),Y,,230,1,
3418677453,Curtis Mayfield,Heartbeat,"RSO, Curtom",RS-1-3053,"LP, Album, 56 ",498207,Sold,20.0,2025-01-19 07:03:55,Vinyl in excellent condition; cover very good with minor crate wear. Stored in protective sleeves for optimal care.,Very Good Plus (VG+),Very Good Plus (VG+),Y,,230,1,
3430588167,Bone Thugs-N-Harmony,1st Of Tha Month,Ruthless Records,88561-6331-1,"12""",227975,Sold,20.0,2025-01-28 08:15:13,"Vinyl is in excellent shape and the cover is well-preserved with only minor crate wear. I keep everything in protective sleeves because I care about quality. If you’d like a photo, just let me know. ""First Of The Month"" is the killer",Very Good Plus (VG+),Very Good Plus (VG+),Y,,230,1,
3430614420,Led Zeppelin,Led Zeppelin III,Atlantic,SD 7201,"LP, Album, PR ",438865,Sold,50.0,2025-01-28 08:56:49,"Led Zeppelin III (1970) balances folk acoustics with that unmistakable rock edge. This copy is VG+ all around, with the gatefold intact and the iconic spinning disc still working—just typical light shelf wear after 50 years. I keep everything in protective sleeves because I care about quality. If you’d like photos, just let me know.",Very Good Plus (VG+),Very Good Plus (VG+),N,,230,1,B28
3430715742,Cat Stevens,Teaser And The Firecat,A&M Records,SP 4313,"LP, Album, RE, DBX",5707644,Sold,15.0,2025-01-28 09:59:09," VG vinyl, VG cover. Record has some visible scuffs but should play fine. Cover has light wear along edges and corners but still presents well. Includes original inner sleeve. Kept in protective sleeves because I care. Let me know if you’d like photos! Teaser and the Firecat is peak Cat Stevens—warm, thoughtful, and full of classics. The Wind is the one.",Very Good (VG),Very Good (VG),Y,,230,1,
3434088132,Betty Wright,Betty Wright Live,Alston Records,4408,"LP, Album",1149644,Sold,5.0,2025-01-30 13:58:57,"Solid player with some signs of wear, but nothing that kills the vibe. Cover has light handling wear but holds up well. Kept in protective sleeves because I care. Ships in Whiplash mailers for secure delivery. Let me know if you’d like photos.  Raw, soulful, and full of energy. ""Tonight Is the Night"" is essential.",Very Good (VG),Very Good (VG),Y,,230,1,D3
3434185803,Gino Soccio,Closer,"Atlantic, RFC Records",SD 16042,"LP, Album, SP ",227605,Sold,10.0,2025-01-30 16:30:25,"Well-kept copy with just light signs of play. Cover has some minor handling wear but still looks sharp. Kept in protective sleeves because I care. Ships in Whiplash mailers for safe delivery. Let me know if you’d like photos.  Sleek, late-night disco from one of the masters—Gino never misses.",Very Good Plus (VG+),Very Good Plus (VG+),N,,230,1,d18
2943635875,Ohio Players,Pleasure,Westbound Records,WB 2017,"LP, Album, Uni",514777,Sold,15.0,2025-02-02 16:26:54,"Strong VG+ copy, plays clean with just minor signs of handling. The cover is also VG+, showing light shelf wear but still solid overall. Classic Westbound-era Ohio Players funk—raw, soulful, and essential. Kept in protective sleeves because I care. Ships in Whiplash mailers for safe delivery. Let me know if you’d like photos!",Very Good Plus (VG+),Very Good Plus (VG+),N,,230,1,
2943667924,Baby Huey,The Baby Huey Story (The Living Legend),Curtom,CRS 8007,"LP, Album, RE",1136710,Sold,50.0,2025-02-02 16:28:35,"Gorgeous NM vinyl, plays beautifully with no issues. Cover is a strong VG+, just minor signs of handling. Essential soul-funk classic, deep grooves and heavy breaks throughout. Kept in protective sleeves because I care. Ships in Whiplash mailers for safe delivery. Let me know if you’d like photos!",Near Mint (NM or M-),Very Good Plus (VG+),Y,,230,1,
3434142582,Debbie Deb,When I Hear Music,Jam Packed,JPI-101,"12"", RP, Blu",1228687,Sold,5.0,2025-02-05 17:54:20,"Solid copy with some surface wear but still bumps loud. No original sleeve, housed in a generic jacket. Kept in protective sleeves because I care. Ships in Whiplash mailers for safe delivery. Let me know if you’d like photos.  Freestyle anthem—electrifying synths and a bassline that won’t quit.",Very Good (VG),Generic,Y,,230,1,D10
3453192774,Donna Summer,Bad Girls,"Casablanca, Lmlr",783 199,"Album, RSD, RE + LP, Blu + LP, Red",19254715,Sold,55.0,2025-02-13 07:00:42," Factory-sealed 2021 Record Store Day reissue of Bad Girls, Donna Summer’s definitive disco masterpiece. Shrink completely intact, never opened. Pristine condition for collectors.",Near Mint (NM or M-),Near Mint (NM or M-),Y,,690,2,B51
3453500097,Stevie Wonder,Innervisions,Tamla,T 326L,"LP, Album, Hol",13286331,Sold,45.0,2025-02-13 10:35:50,"No scratches. Cover is solid with only light corner bumps. A classic pressing of Stevie at his best, well cared for. Ask for pics!",Very Good Plus (VG+),Very Good Plus (VG+),Y,,230,1,d56
3453849225,Jethro Tull,Benefit,Reprise Records,RS 6400,"LP, Album, Ter",1873882,Sold,30.0,2025-02-13 13:07:27,"VG+ vinyl with some light signs of handling, plays great. Cover is solid VG+, light shelf wear but still looks sharp. A must-have for prog rock fans—this is Tull in top form.",Very Good Plus (VG+),Very Good Plus (VG+),Y,,230,1,d58
3419787354,"""The Rocky Horror Picture Show"" Original Cast",The Rocky Horror Picture Show,Ode Sounds & Visuals,SP-77031,"LP, Album",3013966,For Sale,20.0,2026-01-06 10:11:56,"Excellent shape vinyl, cover in very good shape, minor crate wear. Everything kept in protective sleeves because I care.",Very Good Plus (VG+),Very Good Plus (VG+),Y,,230,1,
3434046093,10dB,I Burn For You,Crush Music,A 706-6,"12"", Single",319566,For Sale,5.0,2026-01-06 10:11:56,"Extremely clean copy, barely any signs of handling or play. Generic sleeve, with Promo Sticker listing tracks.Kept in protective sleeves because I care. Ships in Whiplash mailers for secure, damage-free delivery. Let me know if you’d like photos! 🔥 Short-lived soul-funk boogie project. 1988 heat.",Near Mint (NM or M-),Generic,Y,,230,1,D1
3434060040,Al Green,Livin' For You,Hi Records,ASHL 32082,"LP, Album, SH ",1489552,For Sale,15.0,2026-01-06 10:11:56,"Noticeable groove wear and light scratches, but plays through fine. Some surface noise may be present. Cover has minor shelf wear but is still solid. Kept in protective sleeves because I care. Ships in Whiplash mailers for secure delivery. Let me know if you’d like photos.  Classic Al Green—soulful, warm, and timeless. ""Let's Get Married"" is the standout.",Very Good (VG),Very Good (VG),Y,,230,1,D2
3430721178,Andy Gibb,Shadow Dancing,RSO,RS-1-3034,"LP, Album, Ter",10238935,For Sale,10.0,2026-01-06 10:11:56,"VG vinyl, VG+ cover. Record has some visible dust and scuffs but plays through fine. Cover is in great shape with only minor wear. Includes original fan club merch insert. Kept in protective sleeves because I care. Ships in Whiplash mailers for secure, damage-free delivery. Let me know if you’d like photos! Shadow Dancing is peak Andy Gibb—slick, soft-focus disco with hooks for days. An Everlasting Love is the sleeper hit here.",Very Good (VG),Very Good Plus (VG+),Y,,230,1,
3410041404,Arrow (2),Knock Dem Dead,Arrow Records (4),029,"LP, Album",2042573,For Sale,5.0,2026-01-06 10:11:56,"Excellent shape vinyl, cover in very good shape, minor crate wear. Original shrink mostly intact. Everything kept in protective sleeves because I care.",Near Mint (NM or M-),Very Good Plus (VG+),Y,,230,1,
3430774977,The Artist (Formerly Known As Prince),The Truth,"NPG Records, Legacy, The Prince Estate",19075935501,"LP, Album, RSD, RE",19029442,For Sale,50.0,2026-01-06 10:11:56," NM/VG+ – Vinyl is near mint, barely played and flawless. Cover is VG+, with only light signs of handling. Stored in protective sleeves and ships in Whiplash mailers for top-tier protection. Let me know if you’d like photos! The Truth is Prince at his most intimate—stripped-down, raw, and brilliant.",Near Mint (NM or M-),Very Good Plus (VG+),Y,,230,1,
2943667636,Atmosfear / Tamiko Jones,Dancing In Outer Space / Can't Live Without Your Love,Elektra,ED 4988,"12"", Promo",431849,For Sale,15.0,2026-01-06 10:11:56,"excellent shape, everything kept in protective sleeves",Very Good Plus (VG+),Very Good Plus (VG+),Y,,230,1,
3143960915,Average White Band,AWB,Atlantic,SD 7308,"LP, Album, MO ",455128,For Sale,15.0,2026-01-06 10:11:56,"Excellent shape, some worn corners, minor ring wear. Everything kept in protective sleeves, because I care",Very Good Plus (VG+),Very Good Plus (VG+),Y,,230,1,#3
3143974139,B.T. Express,Non-Stop,Roadshow,RS 41001,"LP, Album, Pet",4454436,For Sale,20.0,2026-01-06 10:11:56,"Excellent shape vinyl, cover in very good shape, minor crate wear. Everything kept in protective sleeves because I care.",Near Mint (NM or M-),Very Good Plus (VG+),Y,,230,1,#3
3410048460,Baron (4),It's Magic,JW Productions,JWBA-041,"LP, Album",1541988,For Sale,5.0,2026-01-06 10:11:56,"Excellent shape vinyl, cover in very good shape, minor crate wear. Original shrink.Everything kept in protective sleeves because I care.",Near Mint (NM or M-),Very Good Plus (VG+),Y,,230,1,
2943425230,Barrabas,Watch Out,ATCO Records,SD 36-136,"LP, Album, Pre",536556,For Sale,10.0,2026-01-06 10:11:56,"excellent shape, everything kept in protective sleeves",Very Good Plus (VG+),Very Good Plus (VG+),Y,,230,1,
3410025258,Barry White,Stone Gon',20th Century Records,T-423,"LP, Album, Gat",1332547,For Sale,15.0,2026-01-06 10:11:56,"Excellent shape vinyl, cover in very good shape, minor crate wear. Everything kept in protective sleeves because I care.",Very Good Plus (VG+),Very Good Plus (VG+),Y,,230,1,
3410098011,Barry White,Stone Gon',20th Century Records,T-423,"LP, Album, Gat",1332547,For Sale,10.0,2026-01-06 10:11:56,"Good shape vinyl, cover in very good shape, minor crate wear. Everything kept in protective sleeves because I care.",Very Good (VG),Very Good Plus (VG+),Y,,230,1,
3430617681,The Beatles,Let It Be,Apple Records,AR 34001,"LP, Album, Win",377554,For Sale,65.0,2026-01-06 10:11:56,"This copy is VG overall—vinyl has some light scuffs but should play fine, and the cover shows expected wear for a 50+ year-old record, with a name sticker on the front and label. Everything is kept in protective sleeves because I care about quality. If you’d like photos, just let me know!",Very Good (VG),Very Good (VG),Y,,230,1,
3430592622,Black Sabbath,Black Sabbath,"Warner Bros. Records, Warner Bros. Records","WS 1871, 1871","LP, Album, Pit",2011391,For Sale,300.0,2026-01-06 10:11:56,"Vinyl is in great shape; cover is well-preserved with only minor crate wear. There’s a 1-inch split on the bottom right corner. The label has a small name sticker from the previous owner (likely removable with care), and the cover has the same sticker. Original paper inner sleeve is included. I keep everything in protective sleeves because I care about quality. If you’d like a photo, just let me know. The birth of HEAVY METAL!!",Very Good Plus (VG+),Very Good Plus (VG+),Y,,230,1,
3434756154,Blondie,Heart Of Glass,Chrysalis,CDS-2275,"12"", Single, Ter",34559,For Sale,20.0,2026-01-06 10:11:56,"Great shape with just minor signs of play. No original sleeve, housed in a generic jacket. Kept in protective sleeves because I care. Ships in Whiplash mailers for safe delivery. Let me know if you’d like photos.  Disco, punk, and new wave collide—Blondie at their most iconic.",Very Good Plus (VG+),Generic,Y,,230,1,b28
3410095602,Blowfly,Rapp Dirty,T.K. Disco,438,"12"", She",24410936,For Sale,5.0,2026-01-06 10:11:56,"Excellent shape vinyl, generic TK disco cover in very good shape, minor crate wear. Everything kept in protective sleeves because I care.",Very Good (VG),Generic,Y,,230,1,
3471486315,Bob James,Hands Down,"Tappan Zee Records, Columbia",FC 38067,"LP, Album, Gat",15403834,For Sale,24.0,2026-01-06 10:11:56,"VG+ vinyl, VG+ cover. Clean copy with minor signs of handling. Light surface wear, plays through great. Cover in solid shape with minor edge wear. Kept in protective sleeves because I care. Ships in Whiplash mailers for secure, damage-free delivery. Let me know if you’d like photos!",Very Good Plus (VG+),Very Good Plus (VG+),Y,,230,1,
2942803513,Bombers,Bombers,"West End Records, West End Records","WE 104, WE-104","LP, Album",233797,For Sale,45.0,2026-01-06 10:11:56,"Great shape, everything kept in protective sleeves.",Near Mint (NM or M-),Very Good Plus (VG+),Y,,230,1,
3419865915,Boz Scaggs,Silk Degrees,"Columbia, Columbia","PC 33920, 33920","LP, Album, San",713519,For Sale,10.0,2026-01-06 10:11:56,,Very Good (VG),Very Good (VG),Y,,230,1,
3419790945,Brass Construction,Brass Construction,United Artists Records,UA-LA545-G,"LP, Album, Ter",162999,For Sale,15.0,2026-01-06 10:11:56,"Decent shape vinyl, cover in good shape, crate wear. Everything kept in protective sleeves because I care.",Very Good (VG),Very Good (VG),Y,,230,1,
2943420469,Brenda Taylor,You Can't Have Your Cake And Eat It Too,West End Records,WES 22149,"12"", Single",165183,For Sale,30.0,2026-01-06 10:11:56,"excellent shape, everything kept in protective sleeves. generic west end records sleeve",Near Mint (NM or M-),Generic,Y,,230,1,
2943667270,Brick,Good High,Bang Records,BLP-408,"LP, Album, NAM",2770799,For Sale,20.0,2026-01-06 10:11:56,"excellent shape, everything kept in protective sleeves. Southern Sunset is so damn good",Very Good Plus (VG+),Very Good Plus (VG+),Y,,230,1,
3453336735,Brothers Johnson,Light Up The Night,A&M Records,SP-3716,"LP, Album, Ter",421870,For Sale,25.99,2026-01-06 10:11:56,"Light handling marks on vinyl, but plays clean. Sleeve has some crate wear on edges. Solid gatefold still holds up well. Late ’70s/early ‘80s funk at its slickest—Louis Johnson’s bass work is straight fire on this one.",Very Good Plus (VG+),Very Good (VG),Y,,230,1,b60
3419822721,Bruce Springsteen,The River,Columbia,PC2 36854,"2xLP, Album, Pit",8260804,For Sale,25.0,2026-01-06 10:11:56,"Excellent shape vinyl, cover in very good shape, minor crate wear. Everything kept in protective sleeves because I care.",Very Good Plus (VG+),Very Good Plus (VG+),Y,,460,2,
3031778455,Buckwheat Zydeco Ils Sont Partis Band,100% Fortified Zydeco,Black Top Records,BT-1024,"LP, Album",3302069,For Sale,10.0,2026-01-06 10:11:56,"Worth for the cover alone. Very fun record. Vinyl in excellent shape, cover as well, strong spine, some corner wear. ",Very Good Plus (VG+),Not Graded,Y,Box 2,230,1,
3410059335,Calloway,I Wanna Be Rich,Solar,4Z9 74503,"12"", Maxi",496620,For Sale,5.0,2026-01-06 10:11:56,"Excellent shape vinyl, cover in very good shape, minor crate wear. Everything kept in protective sleeves because I care.",Very Good Plus (VG+),Generic,Y,,230,1,
3410116038,Cameo,Secret Omen,Chocolate City,CCLP 2008,"LP, Album, 73 ",388862,For Sale,20.0,2026-01-06 10:11:56,"Excellent shape vinyl, cover in very good shape, minor crate wear. Everything kept in protective sleeves because I care.",Very Good Plus (VG+),Very Good Plus (VG+),Y,,230,1,
3430774233,Carrie Lucas,Dance With You,Solar,YD-11483,"12"", Single",162457,For Sale,15.0,2026-01-06 10:11:56,"VG+/Generic – Vinyl is clean with minimal wear and plays great. Comes in a generic sleeve. Kept in protective sleeves and ships in Whiplash mailers for secure, damage-free delivery. Let me know if you’d like photos! Dance With You is a full-on groove—you can’t sit still when it’s on.",Very Good Plus (VG+),Generic,Y,,230,1,
3434099745,Chaka Khan,I Feel For You,"Warner Bros. Records, Warner Bros. Records","1-25162, 9 25162-1","LP, Album, SRC",11526143,For Sale,10.0,2026-01-06 10:11:56,"Still got that punch. A few scuffs and signs of play, but nothing that takes away from the energy. Cover has light wear but holds strong. Original inner sleeve included. Kept in protective sleeves because I care. Ships in Whiplash mailers for safe delivery. Let me know if you’d like photos.  ’80s Chaka at her peak—bold, funky, and unstoppable. That title track still hits hard.",Very Good (VG),Very Good (VG),Y,,230,1,d6
3410058732,Chaka Khan,Soul Talkin',Warner Bros. Records,0-21250,"12"", Maxi",138749,For Sale,5.0,2026-01-06 10:11:56,"Excellent shape vinyl, funky 1980's generic single cover, minor crate wear. Everything kept in protective sleeves because I care.",Very Good Plus (VG+),Generic,Y,,230,1,
3434090991,Change,Change Of Heart,"Atlantic, RFC Records",80151-1,"LP, Album, SP ",712277,For Sale,5.0,2026-01-06 10:11:56,"Played and loved but still has plenty of life. Some light surface wear, nothing that disrupts the groove. Cover has minor signs of handling but holds up well. Kept in protective sleeves because I care. Ships in Whiplash mailers for safe delivery. Let me know if you’d like photos.  Prime mid-'80s Change—tight production, slick melodies, and that unmistakable Jam & Lewis touch.",Very Good (VG),Very Good (VG),Y,,230,1,d5
3434089929,Change,Sharing Your Love,"Atlantic, RFC Records",SD 19342,"LP, Album",463817,For Sale,10.0,2026-01-06 10:11:56,Well-kept copy with some signs of play but nothing major. Cover has light edge wear but still looks great. Kept in protective sleeves because I care. Ships in Whiplash mailers for safe delivery. Let me know if you’d like photos.  Change at their smoothest—sophisticated grooves with a dash of Luther.,Very Good Plus (VG+),Very Good Plus (VG+),Y,,230,1,D4
2941070044,Cheech & Chong,Big Bambú,"Ode Records (2), Ode Records (2)","SP 77014, SP-77014","LP, Album, Ter",791061,For Sale,30.0,2026-01-06 10:11:56,Intact Giant Rolling Paper included. Everything kept in protective sleeves.,Very Good Plus (VG+),Very Good Plus (VG+),Y,,230,1,
3419875893,Cheech & Chong,Cheech & Chong's Greatest Hit,Warner Bros. Records,BSK 3614,"LP, Comp",968974,For Sale,15.0,2026-01-06 10:11:56,"record in good shape, cover in good shape as well. Coupke of promo stickers, notch cut bottom right. ",Very Good (VG),Very Good Plus (VG+),Y,,230,1,
3451683894,The Chi-Lites,A Letter To Myself,Brunswick,BL 754188,"LP, Album, Pre",14473781,For Sale,10.0,2026-01-06 10:11:56," Smooth Chi-Lites harmonies on this 1973 Brunswick release. Vinyl plays well with just a few light marks, nothing that affects playback. Cover has some wear, particularly on the edges, but still solid. Perfect for a soul lover looking for a clean player!",Very Good Plus (VG+),Very Good (VG),Y,,230,1,
3410283195,Chic,Chic,Atlantic,SD 19153,"LP, Album",7894637,For Sale,15.0,2026-01-06 10:11:56,"Original Shrink wrapped shape vinyl, cover in excellent shape. Everything kept in protective sleeves because I care.",Mint (M),Near Mint (NM or M-),Y,,230,1,
3410231592,Chic,Risqué,Atlantic,SD 16003,"LP, Album, SP",68599,For Sale,30.0,2026-01-06 10:11:56,"Excellent shape vinyl, cover in very good shape, minor crate wear. Everything kept in protective sleeves because I care.",Very Good Plus (VG+),Very Good Plus (VG+),Y,,230,1,
3453330327,Clay Hammond,Streets Will Love You,"Evejim Records, Evejim Records","EJR 4014, EJR 4014 LP","LP, Album",1238856,For Sale,8.0,2026-01-06 10:11:56,"Vinyl is glossy with minimal wear, plays strong. Cover has light edge wear but overall solid. Clay Hammond brings that smooth, late-’80s soul-blues blend—underrated and full of deep groove.",Very Good Plus (VG+),Very Good Plus (VG+),Y,,230,1,b55
3471512646,Coke Escovedo,Coke,Mercury,SRM-1-1041,"LP, Album, Pit",756379,For Sale,20.0,2026-01-06 10:11:56,"VG+ vinyl, VG cover. Solid player copy with light wear. A couple of faint hairlines, nothing major. Cover has some edge wear and a bit of handling, but still in great shape. Kept in protective sleeves because I care. Ships in Whiplash mailers for secure, damage-free delivery. Let me know if you’d like photos!",Very Good Plus (VG+),Very Good (VG),Y,,230,1,b61
3434109417,Colonel Abrams,Colonel Abrams,MCA Records,MCA-5682,"LP, Album",1213379,For Sale,10.0,2026-01-06 10:11:56,"Well-loved but still ready to move. Some surface marks, plays through with no skips. Cover has a bit of edge wear but holds its shape. Kept in protective sleeves because I care. Ships in Whiplash mailers for safe delivery. Let me know if you’d like photos.  Deep ‘80s groove—Detroit meets New York house before it had a name.",Very Good (VG),Very Good (VG),Y,,230,1,D7
3410059719,Commodores,Natural High,Motown,M7-902R1,"LP, Album",751427,For Sale,10.0,2026-01-06 10:11:56,"Excellent shape vinyl, cover in very good shape, minor crate wear. Staple holes at top. Everything kept in protective sleeves because I care.",Very Good Plus (VG+),Very Good Plus (VG+),Y,,230,1,
3410114790,Commodores,Natural High,Motown,M7-902R1,"LP, Album",751427,For Sale,10.0,2026-01-06 10:11:56,"Excellent shape vinyl, cover in very good shape, minor crate wear. Everything kept in protective sleeves because I care.",Very Good (VG),Very Good (VG),Y,,230,1,
3410103639,Con Funk Shun,Touch,"Mercury, Mercury","SRM-1-4002, 6337 154","LP, Album, 53 ",221591,For Sale,20.0,2026-01-06 10:11:56,"Beautiful vinyl, cover in very good shape, minor crate wear. Everything kept in protective sleeves because I care.",Very Good (VG),Very Good Plus (VG+),Y,,230,1,
3410026242,Cro Cro,Still De Best,Straker's Records,GS 2338,"LP, Album",1543477,For Sale,5.0,2026-01-06 10:11:56,"Excellent shape vinyl, cover in very good shape, minor crate wear. Everything kept in protective sleeves because I care.",Near Mint (NM or M-),Very Good Plus (VG+),Y,,230,1,
2942805571,Crown Heights Affair,Let Me Ride On The Wave Of Your Love,De-Lite Records,MK 225,"12"", Promo",1796017,For Sale,10.0,2026-01-06 10:11:56,"excellent shape, everything kept in protective sleeves",Near Mint (NM or M-),Generic,Y,,230,1,
3434166465,D-Train,Keep Giving Me Love,Prelude Records,PRL D584,"12"", Promo",85025,Sold,8.0,2026-01-06 10:11:56,"Strong copy with just light signs of handling. Plays clean and crisp. No original sleeve. Kept in protective sleeves because I care. Ships in Whiplash mailers for safe delivery. Let me know if you’d like photos.  D Train bringing that deep, driving groove—classic Prelude promo heat.",Very Good Plus (VG+),Not Graded,Y,,230,1,D15
3410026695,D-Train,Music,Prelude Records,PRL 14109,"LP, Album",245415,For Sale,50.0,2026-01-06 10:11:56,"Excellent shape vinyl, cover in very good shape, minor crate wear. Everything kept in protective sleeves because I care.",Very Good Plus (VG+),Very Good Plus (VG+),Y,,230,1,
3434153415,D-Train,Music,Prelude Records,PRL D 654,"12""",216129,Sold,7.0,2026-01-06 10:11:56,"Nice copy with only light wear—still full of that Prelude magic. No original sleeve, housed in a generic jacket. Kept in protective sleeves because I care. Ships in Whiplash mailers for safe delivery. Let me know if you’d like photos.  Essential early ‘80s boogie—this groove never quits.",Very Good Plus (VG+),Generic,Y,,230,1,
3410027277,D-Train,You're The One For Me,Prelude Records,PRL D 539,"12"", Promo",2017275,For Sale,30.0,2026-01-06 10:11:56,"Excellent shape vinyl, cover in very good shape, minor crate wear. Everything kept in protective sleeves because I care.",Very Good Plus (VG+),Generic,Y,,230,1,
3434146242,D-Train,You're The One For Me,"Prelude Records, Prelude Records","PRL 14105, PRL 14105/0898","LP, Album, Ter",4927963,For Sale,80.0,2026-01-06 10:11:56,"Well-preserved copy with original shrink still intact. Vinyl is clean with only light signs of play. Cover looks sharp and includes a vintage Brad’s Records (Bronx, NY) price sticker. Kept in protective sleeves because I care. Ships in Whiplash mailers for safe delivery. Let me know if you’d like photos.  NYC boogie gold—D Train and Prelude Records at their absolute peak.",Very Good Plus (VG+),Very Good Plus (VG+),Y,,230,1,D13
3410099484,Dam-Funk,Adolescent Funk,Stones Throw Records,STH2239,"2xLP, Album",2516319,For Sale,25.0,2026-01-06 10:11:56,"Excellent shape vinyl, cover in very good shape, minor crate wear. Everything kept in protective sleeves because I care.",Near Mint (NM or M-),Very Good Plus (VG+),Y,,460,2,
3430590306,David Bowie,Diamond Dogs,RCA Victor,CPL1-0576,"LP, Album, Hol",710506,For Sale,25.0,2026-01-06 10:11:56,"Vinyl is in good shape and the cover is generic black, original cover missing. I keep everything in protective sleeves because I care about quality. If you’d like a photo, just let me know. ",Very Good (VG),Generic,Y,,230,1,
3430588680,David Bowie,Hunky Dory,"Parlophone, Parlophone, Parlophone, Parlophone","0825646289448, DB69733, DB 69733, DBXL1","LP, Album, RE, RM, 180",8162088,For Sale,30.0,2026-01-06 10:11:56,"Vinyl is in excellent shape and the cover is well-preserved with only minor crate wear. I keep everything in protective sleeves because I care about quality. If you’d like a photo, just let me know. ",Near Mint (NM or M-),Near Mint (NM or M-),Y,,230,1,
3430591638,David Bowie,Let's Dance,EMI America,SO-17093,"LP, Album, Win",528152,For Sale,25.0,2026-01-06 10:11:56,"Vinyl is in excellent shape and the cover is well-preserved with only minor crate wear. I keep everything in protective sleeves because I care about quality. If you’d like a photo, just let me know. Bowie is forever",Very Good Plus (VG+),Very Good Plus (VG+),Y,,230,1,
3410073177,De La Soul,Me Myself And I,"Tommy Boy, Tommy Boy","TB 926, TB 926 B","12"", 3 S",353297,For Sale,50.0,2026-01-06 10:11:56,"Excellent shape vinyl, cover in very good shape, minor crate wear. Generic white ""Tommy Boy"" cover. Yellow ""De La Soul"" Promo Sticker. Gold ""Lent for Promo use..."" stamp. Everything kept in protective sleeves because I care.",Very Good Plus (VG+),Generic,Y,,230,1,
2942813038,Debra Laws,Very Special,Elektra,6E-300,"LP, Album, SP",1157067,For Sale,25.0,2026-01-06 10:11:56,"Great shape, everything kept in protective sleeves",Very Good Plus (VG+),Very Good Plus (VG+),Y,,230,1,
3430770846,Debra Laws,Very Special,Elektra,6E-300,"LP, Album, SP",1157067,For Sale,20.0,2026-01-06 10:11:56,"VG/VG+ – Light surface marks but plays great. Cover is solid with minor wear, and includes the original inner sleeve. Kept in protective sleeves and ships in Whiplash mailers for secure, damage-free delivery. Let me know if you’d like photos! Very Special is a smooth ‘80s R&B essential, and the title track is a classic.",Very Good (VG),Not Graded,Y,,230,1,
3434110596,Denise LaSalle,The Bitch Is Bad !,ABC Records,AB-1027,"LP, Album",226352,For Sale,10.0,2026-01-06 10:11:56,"Clean copy with some signs of handling but well taken care of. Vinyl plays smooth, cover has minor edge wear but still looks great. Kept in protective sleeves because I care. Ships in Whiplash mailers for safe delivery. Let me know if you’d like photos.  Southern soul with attitude—Denise LaSalle brings the heat on every track.",Very Good Plus (VG+),Very Good Plus (VG+),Y,,230,1,D8
3430718085,Devo,Q: Are We Not Men? A: We Are Devo!,Warner Bros. Records,BSK 3239,"LP, Album, Los",499732,For Sale,60.0,2026-01-06 10:11:56,"VG+ vinyl, VG+ cover. Record is clean with light signs of play. Cover is in great shape with only minor wear. Includes original inner sleeve. Kept in protective sleeves because I care. Ships in Whiplash mailers—sturdy, secure, and built to protect your records in transit. I take packaging seriously, so your vinyl arrives safely. Let me know if you’d like photos! Are We Not Men? is Devo at their sharpest—strange, robotic, and still ahead of its time. Uncontrollable Urge is pure energy.",Very Good Plus (VG+),Very Good Plus (VG+),Y,,230,1,
3434143440,Donna Summer,Four Seasons Of Love,Casablanca,NBLP 7038,"LP, Album, Kee",83621,For Sale,20.0,2026-01-06 10:11:56,Well-kept copy with some surface wear but still plays strong. Cover is in great shape with original shrink intact and a vintage Jimmy’s Music World price sticker ($5.99). Kept in protective sleeves because I care. Ships in Whiplash mailers for safe delivery. Let me know if you’d like photos.  Classic Casablanca-era Donna—disco decadence with orchestral flair.,Very Good (VG),Very Good Plus (VG+),Y,,230,1,d11
3434144112,Donna Summer,I Remember Yesterday,Casablanca,NBLP 7056,"LP, Album, Pit",393345,For Sale,25.0,2026-01-06 10:11:56,"Well-preserved copy with some light wear but still plays great. Cover is solid with minimal signs of age. Includes the original Casablanca inner sleeve. Kept in protective sleeves because I care. Ships in Whiplash mailers for safe delivery. Let me know if you’d like photos.  The perfect mix of disco, funk, and futuristic vibes—""I Feel Love"" changed everything.",Very Good (VG),Very Good Plus (VG+),Y,,230,1,D12
2943431719,Egyptian Lover,Computer Love (Sweet Dreams) / And My Beat Goes Boom,Freak Beat Records,DMSR 00662,"12"", Single",48819,For Sale,25.0,2026-01-06 10:11:56,"excellent shape, everything kept in protective sleeves",Very Good Plus (VG+),Very Good Plus (VG+),Y,,230,1,
3430719696,El Super Trio,El Super Trio ,Campo Record Co.,CR-1006,LP,19957183,For Sale,20.0,2026-01-06 10:11:56,"NM vinyl, VG+ cover. Record looks barely played. Cover has only light wear, still crisp and clean. Still in original shrink. Kept in protective sleeves because I care. Ships in Whiplash mailers for top-tier protection. Let me know if you’d like photos! This one’s a deep cut—never sold on Discogs, which says it all. A pristine copy of a sleeper gem.",Near Mint (NM or M-),Very Good Plus (VG+),Y,,230,1,
3453399897,Eurythmics,Touch,"RCA, RCA Victor",AFL1-4917,"LP, Album, Ind",1014022,For Sale,10.0,2026-01-06 10:11:56,Includes original inner picture sleeve. Vinyl is clean with light handling marks. Cover is solid with minimal signs of wear. A synth-pop classic with Annie Lennox at her peak—essential ’80s listening.,Very Good Plus (VG+),Very Good Plus (VG+),Y,,230,1,c52
3410094696,Fat Boys,Coming Back Hard Again,Tin Pan Apple,422 835 809-1,"LP, Album",2172091,For Sale,10.0,2026-01-06 10:11:56,"Excellent shape vinyl, cover in very good shape, minor crate wear. Promo Sticker! Everything kept in protective sleeves because I care.",Very Good Plus (VG+),Very Good Plus (VG+),Y,,230,1,
3410093766,Fat Boys,Crushin',"Tin Pan Apple, Tin Pan Apple","831 948-1, 422 831 948-1 Y-1","LP, Album",6940208,For Sale,15.0,2026-01-06 10:11:56,,Near Mint (NM or M-),Very Good Plus (VG+),Y,,230,1,
3410093991,Fat Boys And The Beach Boys,Wipeout!,Tin Pan Apple,885 960-1,"12""",344550,For Sale,10.0,2026-01-06 10:11:56,"Excellent shape vinyl, cover in very good shape, minor crate wear. Everything kept in protective sleeves because I care.",Near Mint (NM or M-),Very Good Plus (VG+),Y,,230,1,
3143067203,The Fatback Band,Fatback XII,Spring Records,SP-1-6723,"LP, Album, 53 ",201569,For Sale,10.0,2026-01-06 10:11:56,Great disco funk. Vinyl in good condition. Cover has some crate wear,Very Good Plus (VG+),Very Good (VG),Y,,230,1,#3
2943441391,The Fatback Band,Night Fever,Spring Records,SP-1-6711,"LP, Album, All",7313212,For Sale,15.0,2026-01-06 10:11:56,"excellent shape, everything kept in protective sleeves",Very Good Plus (VG+),Very Good Plus (VG+),Y,,230,1,
3419821812,The Fatback Band,The Girl Is Fine (So Fine),"Spring Records, Spring Records","SP D 409, SP-D-409","12"", TP",4622947,For Sale,15.0,2026-01-06 10:11:56,"Excellent shape vinyl, cover in very good shape, minor crate wear. Everything kept in protective sleeves because I care.",Very Good Plus (VG+),Generic,Y,,230,1,
3410096565,The Fifth Dimension,The Age Of Aquarius,Soul City (2),SCS-92005,"LP, Album, Res",2874426,For Sale,15.0,2026-01-06 10:11:56,"Excellent shape vinyl, cover in very good shape, minor crate wear. Everything kept in protective sleeves because I care.",Very Good (VG),Very Good Plus (VG+),Y,,230,1,
3410088855,Finesse & Synquis,Soul Sisters ,Uptown Records,MCA-23849,"12""",2299361,For Sale,10.0,2026-01-06 10:11:56,"Excellent shape vinyl, cover in very good shape, minor crate wear. Everything kept in protective sleeves because I care.",Near Mint (NM or M-),Very Good Plus (VG+),Y,,230,1,
3453387339,The Floaters,The Floaters,ABC Records,AB-1030,"LP, Album, Pit",576350,For Sale,18.0,2026-01-06 10:11:56,"Original shrink still intact, keeping the cover in solid shape. Clean vinyl with only light signs of handling. Hype sticker still present—slow jam magic.",Very Good Plus (VG+),Very Good (VG),Y,,230,1,c51
2941339402,Fred Simon (5),Elsewhere,"Inner Ocean Records, Outrun Records",INNER136,"12"", EP",15851781,For Sale,25.0,2026-01-06 10:11:56,"Great shape, barely played, record and album cover kept in poly covers",Near Mint (NM or M-),Very Good Plus (VG+),Y,,230,1,
3419817864,Fresh Color,Get On Up,Gold Records,10 106,"12"", Maxi",433513,For Sale,15.0,2026-01-06 10:11:56,"Excellent shape vinyl, cover in very good shape, minor crate wear. Everything kept in protective sleeves because I care.",Very Good Plus (VG+),Very Good Plus (VG+),Y,,230,1,
3410293227,Gayle Adams,Gayle Adams,Prelude Records,PRL 12178,"LP, Album",792522,For Sale,25.0,2026-01-06 10:11:56,"record in very good shape. cover has ring wear, corner cut, and spine wear. Your Love Is a Life Saver is a total banger",Very Good (VG),Very Good (VG),Y,,230,1,
3410107266,George Clinton,Some Of My Best Jokes Are Friends,Capitol Records,ST-12417,"LP, Album",1281959,For Sale,10.0,2026-01-06 10:11:56,"Excellent shape vinyl, cover in very good shape, minor crate wear. Everything kept in protective sleeves because I care.",Very Good Plus (VG+),Very Good Plus (VG+),Y,,230,1,
3410110545,George Clinton,You Shouldn't-Nuf Bit Fish,Capitol Records,ST-12308,"LP, Album, Win",212060,For Sale,15.0,2026-01-06 10:11:56,"Excellent shape vinyl, cover in very good shape, minor crate wear. Everything kept in protective sleeves because I care.",Very Good Plus (VG+),Very Good (VG),Y,,230,1,
2941153135,Giants (3),Giants,LAX Records,MCA 3188,"LP, Album, Glo",950215,For Sale,20.0,2026-01-06 10:11:56,"Great shape, everything kept in protective sleeves",Very Good Plus (VG+),Very Good Plus (VG+),Y,,230,1,
3410089965,Gladys Knight And The Pips,Imagination,Buddah Records,BDS 5141,"LP, Album, Son",554488,For Sale,20.0,2026-01-06 10:11:56,"Excellent shape vinyl, cover in good shape, minor crate wear. Everything kept in protective sleeves because I care.",Very Good Plus (VG+),Very Good (VG),Y,,230,1,
3430769004,Gladys Knight And The Pips,Save The Overtime (For Me),Columbia,44-03969,"12"", Promo",3782974,For Sale,6.0,2026-01-06 10:11:56," VG+ vinyl, generic black cover. Record is clean with no major marks—plays great. Standard black sleeve is in solid shape with minor handling wear. Kept in protective sleeves because I care. Ships in Whiplash mailers for safe, damage-free delivery. Let me know if you’d like photos! Save the Overtime for Me is peak Gladys in the ‘80s—tight grooves, slick production, and that voice cutting through it all.",Very Good Plus (VG+),Generic,Y,,230,1,
3410056845,Gladys Knight And The Pips,Visions,Columbia,FC 38205,"LP, Album, Car",1631543,For Sale,15.0,2026-01-06 10:11:56,"Excellent shape vinyl, cover in very good shape, minor crate wear. Promo Sticker! Everything kept in protective sleeves because I care. ""Save The Overtime"" is a deep boogie gem!",Near Mint (NM or M-),Very Good Plus (VG+),Y,,230,1,
3410025741,Glen White,TV Lover,Chapulin,CH 28506,"12"", Maxi",444860,For Sale,10.0,2026-01-06 10:11:56,"Excellent shape vinyl, cover in good shape with light stains, minor crate wear. Everything kept in protective sleeves because I care.",Very Good Plus (VG+),Very Good (VG),Y,,230,1,
3435166530,Gloria Gaynor,Love Tracks,"Polydor, Polydor","PD-1-6184, 2391 385","LP, Album, Mon",4043938,For Sale,15.0,2026-01-06 10:11:56,sleeves because I care. Ships in Whiplash mailers for safe delivery. Let me know if you’d like photos.  Disco history—“I Will Survive” is an anthem that never fades.,Very Good Plus (VG+),Very Good (VG),Y,,230,1,d22
2942807224,Goodie,Call Me Goodie,Total Experience Records,TE-1-3002,"LP, Album, 26",681941,For Sale,15.0,2026-01-06 10:11:56,"excellent shape, everything kept in protective sleeves. original shrink. promo sticker",Near Mint (NM or M-),Very Good Plus (VG+),Y,,230,1,
2941385071,Grace Jones,Portfolio,Island Records,ILPS 9470,"LP, Album, P/Mixed, RE, Gat",84921,For Sale,15.0,2026-01-06 10:11:56,"Great shape, everything kept in protective sleeves",Very Good Plus (VG+),Very Good (VG),Y,,230,1,
3435168234,Gregory Isaacs,I Can't Give You My Love Alone,African Museum,none,"12""",5434381,For Sale,11.0,2026-01-06 10:11:56,"Nice VG+ copy with minimal signs of play. No original sleeve, housed in a generic jacket. Kept in protective sleeves because I care. Ships in Whiplash mailers for safe delivery. Let me know if you’d like photos.  Laid-back lovers rock perfection—Gregory at his smoothest.",Very Good Plus (VG+),Generic,Y,,230,1,
3471388125,"Grover Washington, Jr.",Mister Magic,Kudu,KU 20 S1,"LP, Album",318637,For Sale,36.0,2026-01-06 10:11:56,"Wax looks solid with just a faint sign of play—this one’s been well cared for. Cover is in great shape, colors still pop, just some minor edge bumps. A fantastic copy of an essential record. If you’re spinning this, you already know what’s up.",Very Good Plus (VG+),Very Good Plus (VG+),Y,,230,1,D18
2943422122,"Grover Washington, Jr.",Winelight,Elektra,6E-305,"LP, Album, AR ",3835271,For Sale,40.0,2026-01-06 10:11:56,"excellent shape, everything kept in protective sleeves. beautiful copy",Near Mint (NM or M-),Very Good Plus (VG+),Y,,230,1,
3410282460,Gwen Guthrie,Good To Go Lover,Polydor,829 532-1 Y-1,"LP, Album, 53",17755459,For Sale,10.0,2026-01-06 10:11:56,"Excellent shape vinyl, cover in very good shape, minor crate wear. Everything kept in protective sleeves because I care.",Very Good Plus (VG+),Very Good Plus (VG+),Y,,230,1,
3413561700,Heatwave,Too Hot To Handle,Epic,PE 34761,"LP, Album, RE, Pit",13093479,For Sale,15.0,2026-01-06 10:11:56,"Excellent shape vinyl, cover in very good shape, has previous owner name written in ink on front., minor crate wear. Everything kept in protective sleeves because I care.",Very Good Plus (VG+),Very Good Plus (VG+),Y,,230,1,
2939081317,Herb Alpert,Beyond,"A&M Records, A&M Records","SP-3717, SP 3717","LP, Album, X",6380905,For Sale,10.0,2026-01-06 10:11:56,,Very Good Plus (VG+),Very Good Plus (VG+),Y,,230,1,
3418679172,Hiroshima (3),East,"Epic, Epic","E 45022, OE 45022","LP, Album",1625057,For Sale,15.0,2026-01-06 10:11:56,,Very Good Plus (VG+),Very Good Plus (VG+),Y,,230,1,
2942810638,Hot Blood,Disco Dracula,Dynamo Records,DS-401,"LP, Album",1104945,For Sale,25.0,2026-01-06 10:11:56,"Great shape, everything kept in protective sleeves. Kitsch extravaganza ",Very Good Plus (VG+),Very Good Plus (VG+),Y,,230,1,
3453325701,Hubert Smith And His Coral Islanders,It Doesn't Hurt To Be Friendly,Edmar,ELPS 1154,"LP, Album",3359941,For Sale,5.0,2026-01-06 10:11:56,"A slice of Bermuda sunshine on wax. Vinyl is in VG+ condition—well-kept with just light signs of play. Cover is in VG shape, showing some wear but still solid. This one’s got that island charm, the kind of record you’d stumble upon in a dusty Caribbean shop and never let go.",Very Good Plus (VG+),Very Good (VG),Y,,230,1,
1798998577,Imagination,In The Heat Of The Night,R & B Records,RBLP 1002,"LP, Album",402569,For Sale,20.0,2026-01-06 10:11:56,"Wax has scuffs from age. Jacket has light shelf wear. Slinky UK Boogie, great stuff. Listen to audio sample for your own inspection. We are a small family ran record shop that values honesty and great vinyl.",Very Good (VG),Very Good Plus (VG+),Y,,230,1,
3419789103,Instant Funk,Get Down With The Philly Jump,"TSOP, TSOP","PZ 34358, 34358","LP, Album",2060561,For Sale,80.0,2026-01-06 10:11:56,"Excellent shape vinyl, cover in very good shape, past DJs BPM sticker, minor crate wear. Everything kept in protective sleeves because I care.",Near Mint (NM or M-),Very Good Plus (VG+),Y,,230,1,
3434185188,Intrigue,Fly Girl,World Trade Records Inc.,WT-1000,"12""",1158270,For Sale,25.0,2026-01-06 10:11:56,"Solid copy with just light signs of play. No original sleeve, housed in a generic jacket. Kept in protective sleeves because I care. Ships in Whiplash mailers for safe delivery. Let me know if you’d like photos.  NYC electro-boogie with an undeniable groove—""Fly Girl"" is pure ‘84 heat.",Very Good Plus (VG+),Generic,Y,,230,1,d17
3410483925,Isaac Hayes,Juicy Fruit (Disco Freak),"HBS, ABC Records",ABCD-953,"LP, Album, SXT",560882,For Sale,25.0,2026-01-06 10:11:56,"Excellent shape vinyl, cover in very good shape, minor crate wear. Everything kept in protective sleeves because I care.",Very Good Plus (VG+),Very Good Plus (VG+),Y,,230,1,
3430712571,J. Blackfoot,City Slicker,Soundtown Records,ST-8002,"LP, Album",17656048,For Sale,7.0,2026-01-06 10:11:56,"Great shape vinyl, cover in very good shape, minor crate wear. Original shrink. Everything kept in protective sleeves because I care. Ask for photos if interested",Very Good Plus (VG+),Very Good (VG),Y,,230,1,
3435220734,J.J. Fad,Supersonic,Dream Team Records,0-96658,"12"", AR",12960347,For Sale,8.5,2026-01-06 10:11:56,"Solid VG+ copy with some signs of play but still packs a punch. Cover has light wear but nothing serious. Kept in protective sleeves because I care. Ships in Whiplash mailers for safe delivery. Let me know if you’d like photos.  Electro-rap classic—bass-heavy, fast, and totally iconic.",Very Good Plus (VG+),Very Good (VG),Y,,230,1,d26
3410027742,"James ""D-Train"" Williams",Miracles Of The Heart,"Columbia, Columbia","C 40465, BFC 40465","LP, Album",1302862,For Sale,10.0,2026-01-06 10:11:56,"Excellent shape vinyl, cover in very good shape, minor crate wear. Promo Sticker! Everything kept in protective sleeves because I care.",Near Mint (NM or M-),Very Good Plus (VG+),Y,,230,1,
3430795035,"James ""D-Train"" Williams",Miracles Of The Heart,"Columbia, Columbia","C 40465, BFC 40465","LP, Album",1302862,For Sale,6.0,2026-01-06 10:11:56,"This copy is VG overall—vinyl has some light scuffs but should play fine, and the cover shows expected wear for a record this age. Everything is kept in protective sleeves because I care about quality. If you’d like photos, just let me know!",Very Good (VG),Very Good (VG),Y,,230,1,A9
2941381441,The Jammers,The Jammers,Salsoul Records,SA 8556,"LP, Album",912593,For Sale,45.0,2026-01-06 10:11:56,"Great shape, looks unplayed, everything kept in protective sleeves. Jacket has notch cut on bottom right corner. Delicious midwest boogie",Near Mint (NM or M-),Very Good Plus (VG+),Y,,230,1,
3410058945,Jean Carn,Jean Carn,"Philadelphia International Records, Philadelphia International Records","PZ 34394, 34394","LP, Album, Pit",1195296,For Sale,20.0,2026-01-06 10:11:56,"Excellent shape vinyl, cover in very good shape, minor crate wear. Everything kept in protective sleeves because I care. Gamble + Huff and Dexter Wensel production, great stuff!",Very Good Plus (VG+),Very Good Plus (VG+),Y,,230,1,
3410120163,Jennifer Holliday,Feel My Soul,Geffen Records,GHS 4014,"LP, Album, Win",10932345,For Sale,5.0,2026-01-06 10:11:56,"mint shape vinyl, cover in mint shape, minor crate wear on corners. original complete shrink intact, never opened.  Everything kept in protective sleeves because I care.",Mint (M),Mint (M),Y,,230,1,
3410119332,Jennifer Holliday,Say You Love Me,Geffen Records,GHS 24073,"LP, Album",1290970,For Sale,10.0,2026-01-06 10:11:56,"Excellent shape vinyl, cover in very good shape, minor crate wear. Everything kept in protective sleeves because I care.",Near Mint (NM or M-),Very Good Plus (VG+),Y,,230,1,
3453851703,Jethro Tull,Aqualung,Reprise Records,MS 2035,"LP, Album, Ter",596450,For Sale,25.0,2026-01-06 10:11:56,"Solid VG+ vinyl, plays clean. Cover is VG, some wear around the edges and light creasing. A rock essential—Tull at their peak with that signature mix of folk, blues, and prog.",Very Good Plus (VG+),Very Good (VG),Y,,230,1,d59
2941436224,Jorge Santana,Jorge Santana,"Tomato, Tomato","TOM-7020, TOM 7020","LP, Album",1371076,Sold,13.0,2026-01-06 10:11:56,"Great shape, everything kept in protective sleeves",Near Mint (NM or M-),Very Good Plus (VG+),Y,,230,1,
3410091429,Juan Gabriel,Espectacular,Pronto (4),PTS 1036,"LP, Album",4642066,For Sale,25.0,2026-01-06 10:11:56,"Excellent shape vinyl, cover in very good shape, minor crate wear. Everything kept in protective sleeves because I care.",Near Mint (NM or M-),Very Good Plus (VG+),Y,,230,1,
3430765794,The Judds,Why Not Me,"RCA Victor, RCA, Curb Records",AHL1-5319,"LP, Album",2133842,For Sale,30.0,2026-01-06 10:11:56,"VG+ vinyl, VG+ cover. Record is in excellent shape with no signs of play. Cover is clean with minor shelf wear. Kept in protective sleeves because I care. Ships in Whiplash mailers for secure, damage-free delivery. Let me know if you’d like photos!  Classic '80s country harmonies at their finest. “Mama He’s Crazy” is the big one, but the title track is just as good.",Very Good Plus (VG+),Very Good Plus (VG+),Y,,230,1,
3430773417,Julian Lennon,Valotte,"Atlantic, Atlantic","80184-1, 7 80184-1","LP, Album",3235434,For Sale,5.0,2026-01-06 10:11:56," VG+/VG+ – Clean copy with minimal wear. Vinyl plays great, and the cover is in excellent shape with only slight signs of handling. Includes original inner sleeve. Kept in protective sleeves and ships in Whiplash mailers for secure, damage-free delivery. Let me know if you’d like photos! Too Late for Goodbyes is the standout—pure ‘80s pop charm.",Very Good Plus (VG+),Very Good Plus (VG+),Y,,230,1,
3436379607,Kashif,I Just Gotta Have You (Lover Turn Me On),Arista,CP 728,"12""",79161,For Sale,18.0,2026-01-06 10:11:56,"A crisp, clean copy of this Kashif classic—essential boogie! Vinyl is VG+, showing just faint sleeve marks under strong light. Plays beautifully. Comes housed in an Arista-branded sleeve with hype sticker. A slice of ’80s groove that never fails. Kept in protective sleeves because I care.",Very Good Plus (VG+),Generic,Y,,230,1,
2943486427,Kashif,Send Me Your Love,Arista,AL 8-8205,"LP, Album",424481,For Sale,20.0,2026-01-06 10:11:56,"excellent shape, everything kept in protective sleeves",Very Good Plus (VG+),Very Good Plus (VG+),Y,,230,1,
3430767249,Kashif,Send Me Your Love,Arista,AL 8-8205,"LP, Album",424481,For Sale,10.0,2026-01-06 10:11:56,"VG+ vinyl, VG+ cover. Record is clean with no visible scuffs—well cared for and plays great. Cover is solid with only minor edge wear. Includes the original inner sleeve. Kept in protective sleeves because I care. Ships in Whiplash mailers for safe, damage-free delivery. Let me know if you’d like photos! *Send Me Your Love* is peak Kashif—polished, synth-heavy grooves with that perfect early '80s R&B bounce. ""Call Me Tonight"" is the deep cut that keeps me coming back.",Very Good Plus (VG+),Very Good Plus (VG+),Y,,230,1,
3453401361,King Curtis,Everybody's Talkin',ATCO Records,SD33-385,"LP, Album, PRC",1292299,For Sale,15.0,2026-01-06 10:11:56,DJ promo copy with sticker intact. Vinyl is clean and plays great. Sleeve shows some wear but holds up well. King Curtis delivers that soulful sax magic—deep grooves and effortless cool.,Very Good Plus (VG+),Very Good (VG),Y,,230,1,
2943489352,King Tubby,I Am The King Vol. 2,Sprint Records,SFLP 004,"LP, Album, Whi",20042581,For Sale,20.0,2026-01-06 10:11:56,"excellent shape, everything kept in protective sleeves",Very Good Plus (VG+),Very Good Plus (VG+),Y,,230,1,
2942811592,Kleeer,Intimate Connection,"Real Gone Music, Atlantic",RGM-1041,"LP, Album, Ltd, RE, Red",15542442,For Sale,60.0,2026-01-06 10:11:56,"excellent shape, everything kept in protective sleeves. beautiful sophisticated UK soul",Mint (M),Mint (M),Y,,230,1,
3419819574,Klymaxx,"Divas Need Love Too (12"" Version)","Constellation (2), MCA Records","MCA-23761, MCA 23761","12"", Pin",1274095,For Sale,5.0,2026-01-06 10:11:56,"Excellent shape vinyl, cover in very good shape, minor crate wear. Everything kept in protective sleeves because I care.",Very Good Plus (VG+),Very Good Plus (VG+),Y,,230,1,
3419818917,Klymaxx,Meeting In The Ladies Room,"Constellation (2), MCA Records",MCA-5529,"LP, Album, Pin",414050,For Sale,10.0,2026-01-06 10:11:56,"Excellent shape vinyl, cover in very good shape, minor crate wear. Everything kept in protective sleeves because I care.",Very Good Plus (VG+),Very Good Plus (VG+),Y,,230,1,
3430626441,Kool & The Gang,Emergency,"De-Lite Records, De-Lite Records, De-Lite Records","822 943-1 M-1, 822 943-1, 422-822 943-1 M-1","LP, Album, 53 ",660329,For Sale,10.0,2026-01-06 10:11:56,"**VG+ vinyl, VG cover.** Record is clean with light signs of play. Cover has minor edge wear but looks great overall. Includes original inner sleeve. Kept in protective sleeves because I care. Let me know if you’d like photos! *Emergency* is peak ‘80s Kool & The Gang—polished, funky, and loaded with hooks. *Fresh* still hits every time.",Very Good Plus (VG+),Very Good Plus (VG+),Y,,230,1,
3410093145,Kool & The Gang,Love & Understanding,"De-Lite Records, De-Lite Records","DEP-2018, DEP 2018","LP, Album",529298,For Sale,25.0,2026-01-06 10:11:56,"Excellent shape vinyl, cover in very good shape, minor crate wear. Everything kept in protective sleeves because I care.",Very Good Plus (VG+),Very Good Plus (VG+),Y,,230,1,
3430760322,Larry Graham,Sooner Or Later,Warner Bros. Records,BSK 3668,"LP, Album, Win",1695403,For Sale,10.0,2026-01-06 10:11:56,"Vinyl is in VG condition—some visible wear but still plays fine. Cover is still in its original shrink, giving it a solid VG+ grade. Comes with the original fan club inner sleeve, which is a cool little bonus.  This is pure early ‘80s smooth funk. “Don’t Stop When You’re Hot” does exactly what the title promises.",Very Good (VG),Near Mint (NM or M-),Y,,230,1,
3410090310,Lee Fields,Everybody Gonna (Give Their Thing Away),"BDA Records, Inc., BDA Records, Inc.","BDA 410-A-12, BDA 511-B-12","12""",4901450,For Sale,5.0,2026-01-06 10:11:56,"Excellent shape vinyl, generic cover in very good shape, minor crate wear. Everything kept in protective sleeves because I care.",Near Mint (NM or M-),Generic,Y,,230,1,
3410093418,Lee Moore,Bodywork,Past Due,PASTDUE018,"12""",14514823,For Sale,20.0,2026-01-06 10:11:56,"Excellent shape vinyl, generic black cover in very good shape, minor crate wear. Everything kept in protective sleeves because I care.",Near Mint (NM or M-),Generic,Y,,230,1,
2942813302,Leprechaun,Party Freaks / Loc-It-Up,Citation Record Company - N.Y.C.,CI-711,"12""",291546,For Sale,20.0,2026-01-06 10:11:56,"Great shape, everything kept in protective sleeves. BPM and previous owner initials written in sharpie on inner label. ",Very Good Plus (VG+),Generic,Y,,230,1,
3436574223,Lillo Thomas,All Of You,Capitol Records,ST-12346,"LP, Album, Jac",1094421,For Sale,12.0,2026-01-06 10:11:56,"Great VG+ copy, solid sound with light surface marks but no issues. Cover is in equally nice shape with only minor shelf wear. Kept in protective sleeves because I care. Ships in Whiplash mailers for safe delivery. Let me know if you’d like photos.  Mid-’80s R&B magic—smooth, soulful, and underrated.",Very Good Plus (VG+),Very Good Plus (VG+),Y,,230,1,
3450906783,Lime (2),Cutie Pie / Did You See That Girl,"Critique, Atlantic",0-96605,"12"", Single",114523,For Sale,5.0,2026-01-06 10:11:56,"Nice copy, solid VG+ with clean playback. Generic sleeve. Classic Lime energy—electro-funk grooves with that signature vocal touch. Kept in protective sleeves because I care. Ships in Whiplash mailers for safe delivery. Let me know if you’d like photos!",Very Good Plus (VG+),Generic,Y,,230,1,
2943489019,Linval Thompson Meets King Tubby,"""Ina Reggae Dub Style"" ""Dis A Yard Dub""",Abraham,AALP-189,"LP, Album, RE",4440934,For Sale,30.0,2026-01-06 10:11:56,"excellent shape, everything kept in protective sleeves. super tubbin'",Near Mint (NM or M-),Very Good Plus (VG+),Y,,230,1,
3453329727,Lionel Richie,Can't Slow Down,Motown,6059 ML,"LP, Album, RP, Gat",445008,For Sale,15.99,2026-01-06 10:11:56," Includes the original inner lyric sleeve. Vinyl is in solid VG+ condition, showing minimal signs of play. Sleeve is clean with only light wear. A defining ’80s pop album—Lionel at his smoothest, with hits that still hold up.",Very Good Plus (VG+),Very Good (VG),Y,,230,1,
3453334971,Lord Nelson (2),Love You Forever,Joker Records (14),JR 005,"LP, Album",10072524,For Sale,25.0,2026-01-06 10:11:56,"Still has original shrink, looks never played. A rare gem from 1988, with that indie-press charm.",Near Mint (NM or M-),Near Mint (NM or M-),Y,,230,1,
3450908061,Martin Wulms And His Orchestra,Rumba Tambah,"Delta (2), Delta (2)","DQ 20037, DQ-20.037","LP, Album",5467459,For Sale,5.0,2026-01-06 10:11:56,"Solid VG+ vinyl, plays well with minimal surface wear. Sleeve shows some handling wear but holds up. Underrated Latin jazz grooves with a European touch—rhythmic and vibrant. Kept in protective sleeves because I care",Very Good Plus (VG+),Very Good (VG),Y,,230,1,d32
3410485227,Mary Wells,Gigolo,Epic,49-02663,"12""",562677,For Sale,10.0,2026-01-06 10:11:56,"Excellent shape vinyl, cover in very good shape, minor crate wear. Promo stamp generic sleeve. Everything kept in protective sleeves because I care.",Near Mint (NM or M-),Generic,Y,,230,1,
3418677066,Maryann Farra & Satin Soul,Never Gonna Leave You,"Brunswick, Brunswick","BL754207, BL 754207","LP, Album",914537,Sold,45.0,2026-01-06 10:11:56,"Excellent shape vinyl, cover in very good shape, minor crate wear. Everything kept in protective sleeves because I care.",Very Good Plus (VG+),Very Good Plus (VG+),Y,,230,1,
3450909537,Mass Production,In The Purest Form,Cotillion,SD 5211,"LP, Album, MO ",202530,For Sale,10.0,2026-01-06 10:11:56,Strong VG copy with a relative clean surface and solid playback. Sleeve has some edge wear but still presents well. Essential funk workout—“Firecracker” is a groove machine. Kept in protective sleeves because I care.,Very Good (VG),Very Good (VG),Y,,230,1,
2943634246,Maze Featuring Frankie Beverly,Can't Stop The Love,Capitol Records,ST-12377,"LP, Album",14243011,For Sale,10.0,2026-01-06 10:11:56,,Very Good Plus (VG+),Very Good Plus (VG+),Y,,230,1,
3419791377,Mbongeni Ngema - Hugh Masekela,Mbongeni Ngema's Sarafina!,"Shanachie, Shanachie","Shanachie 43052, Shanachie-43052","LP, Album",1539929,For Sale,5.0,2026-01-06 10:11:56,"Excellent shape vinyl, cover in very good shape, minor crate wear. Everything kept in protective sleeves because I care.",Very Good Plus (VG+),Very Good Plus (VG+),Y,,230,1,
2941412671,The McCrarys,On The Other Side,Portrait,JR 35556,"LP, Album, Promo",3824712,For Sale,30.0,2026-01-06 10:11:56,"Great shape, everything kept in protective sleeves. Promo sticker on back. Inner picture sleeve included. Fantastic midwest sophisticated soul",Near Mint (NM or M-),Very Good Plus (VG+),Y,,230,1,
3419878080,Meat Loaf,Bat Out Of Hell,"Epic, Cleveland International Records",PE 34974,"LP, Album, San",5963273,For Sale,15.0,2026-01-06 10:11:56,"Excellent shape vinyl, great shine to the vinyl, cover in very good shape, minor crate wear. Everything kept in protective sleeves because I care.",Very Good Plus (VG+),Not Graded,Y,,230,1,
3431166909,Meco Monardo,Encounters Of Every Kind,Millennium,MNLP 8004,"LP, Album, Kee",333722,For Sale,10.0,2026-01-06 10:11:56,"VG+ vinyl, VG+ cover. Record is in great shape with minimal signs of wear. Cover has light edge and corner wear but still presents well. Includes the original inner sleeve. Kept in protective sleeves because I care. Ships in Whiplash mailers for secure, damage-free delivery. Let me know if you’d like photos! Meco brings disco to sci-fi once again—this time with Close Encounters of the Third Kind. Groovy, cinematic fun!",Very Good Plus (VG+),Very Good Plus (VG+),Y,,230,1,
3432682686,Melba Moore,What A Woman Needs,EMI America,ST-17060,"LP, Album",303535,For Sale,20.0,2026-01-06 10:11:56,"VG+ vinyl, VG+ cover. Light surface marks visible under strong light, but plays great with no skips or major noise. Cover has minor edge and corner wear, slight creases, and includes the original inner sleeve. Kept in protective sleeves because I care. Ships in Whiplash mailers for secure, damage-free delivery. Let me know if you’d like photos! 🔥 Classic 80s R&B vibes—standout tracks include “Take My Love”!",Very Good Plus (VG+),Very Good Plus (VG+),Y,,230,1,B16
3410121006,Melting Point (3),Discofusion,Vedette Records,MX 52,"12""",3360635,For Sale,15.0,2026-01-06 10:11:56,"Excellent shape vinyl, generic cover in very good shape, minor crate wear. Everything kept in protective sleeves because I care.",Very Good Plus (VG+),Generic,Y,,230,1,
1916646749,MFSB,MFSB,Philadelphia International Records,KZ 32046,"LP, Album, Ter",321860,For Sale,25.0,2026-01-06 10:11:56,"wax in very good shape, sounds great too. Cover is a great condition. Everything kept inside protective sleeves.",Very Good Plus (VG+),Very Good Plus (VG+),Y,,230,1,
3430585506,MFSB,Summertime,Philadelphia International Records,PZ 34238,"LP, Album",887009,Sold,3.5,2026-01-06 10:11:56,"Excellent shape vinyl, cover in very good shape, very minor crate wear. Everything kept in protective sleeves because I care.",Very Good Plus (VG+),Very Good Plus (VG+),Y,,230,1,
3430625343,MFSB,Universal Love,Philadelphia International Records,KZ 33158,"LP, Album, Pit",445345,For Sale,15.0,2026-01-06 10:11:56,"VG+ vinyl, VG cover. Record is clean with light signs of play. Cover has noticeable ring wear and edge wear but still presents well. Gatefold intact. Kept in protective sleeves because I care. Let me know if you’d like photos! Universal Love is peak MFSB—lush, soulful, and effortlessly smooth. Love Has No Time or Place is the one.",Very Good Plus (VG+),Very Good (VG),Y,,230,1,
3450911628,Michael Jackson,Don't Stop 'Til You Get Enough / Wanna Be Startin' Somethin',Epic,49H 06911,"12"", Single",209522,For Sale,15.0,2026-01-06 10:11:56,"Strong VG+ copy! Clean vinyl with just a few light marks that don’t affect play. Sleeve is a plain generic sleeve. Classic MJ groove, essential for any dancefloor.",Very Good Plus (VG+),Generic,Y,,230,1,
3450910770,Michael Jackson,Thriller,"Epic, MJJ Productions Inc., Legacy","888697353391-1, 88697353391, 8869735339","LP, Album, Pic, RE",10186356,For Sale,25.0,2026-01-06 10:11:56,"Beautiful Near Mint copy—looks and sounds fantastic. Sleeve is also NM, crisp edges, and well-kept. No need to hype it—this is Thriller. Kept in protective sleeves because I care.",Near Mint (NM or M-),Near Mint (NM or M-),Y,,230,1,
3419879103,Michael McDonald,If That's What It Takes,"Warner Bros. Records, Warner Bros. Records","9 23703-1, 1-23703","LP, Album, Los",531795,For Sale,25.0,2026-01-06 10:11:56,"Great shape vinyl, cover in very good shape, notch cut top right, minor crate wear. Everything kept in protective sleeves because I care.",Very Good Plus (VG+),Very Good (VG),Y,,230,1,
3413560485,Mos Def,Ms. Fat Booty / Mathematics,Rawkus,RWK-203,"12""",24896,For Sale,30.0,2026-01-06 10:11:56,"Excellent shape vinyl, cover in very good shape, minor crate wear. Everything kept in protective sleeves because I care.",Very Good Plus (VG+),Very Good Plus (VG+),Y,,230,1,
3435163167,Musique,Keep On Jumpin',Prelude Records,PRL 12158,"LP, Album",125653,Sold,15.0,2026-01-06 10:11:56,"Strong VG+ copy with plenty of shine. Light signs of play, but the groove still kicks. Cover is clean with only minor edge wear. Kept in protective sleeves because I care. Ships in Whiplash mailers for safe delivery. Let me know if you’d like photos.  Classic Prelude disco—unstoppable energy from start to finish.",Very Good Plus (VG+),Very Good Plus (VG+),Y,,230,1,
3451690566,Norman Whitfield,Car Wash (Original Motion Picture Soundtrack),MCA Records,MCA2-6000,"2xLP, Album, Glo",1146277,For Sale,15.0,2026-01-06 10:11:56,"Includes the original hype sticker on the cover. Vinyl has some groove wear and light scratches but plays solid. Sleeve has general wear, a few scuffs, and slight edge wear.",Very Good (VG),Very Good (VG),Y,,460,2,
3130979845,Nu Shooz,I Can't Wait,Atlantic,789 446-7,"7"", Single",911386,For Sale,10.0,2026-01-06 10:11:56,"Fantastic track that still slaps. Original 7"" cover. Vinyl is in very good condition. Cover has been flipped through, many creases, but no big tears. I keep the vinyl in a separate sleeve, everything kept in protective outer sleeve.",Very Good Plus (VG+),Very Good (VG),Y,,60,1,singles box
3410088480,Nu Shooz,Poolside,Atlantic,78 16471,"LP, Album",1784352,For Sale,10.0,2026-01-06 10:11:56,"Excellent shape vinyl, cover in very good shape, minor crate wear. Everything kept in protective sleeves because I care.",Very Good Plus (VG+),Very Good Plus (VG+),Y,,230,1,
2941430731,Ohio Players,Skin Tight,Mercury,SRM-1-705,"LP, Album, Gat",598929,For Sale,15.0,2026-01-06 10:11:56,"Great shape, everything kept in protective sleeves. Wax looks really nice. Previous owner name on cover, and inner label.",Very Good Plus (VG+),Very Good (VG),Y,,230,1,
2941431733,Olympic Runners,Don't Let Up,London Records,PS 668,"LP, Album, Pet",1386342,For Sale,20.0,2026-01-06 10:11:56,"Great shape, glossy wax, everything kept in protective sleeves",Near Mint (NM or M-),Very Good Plus (VG+),Y,,230,1,
3453407454,One Way,Love Is... One Way,MCA Records,MCA-5163,"LP, Album",764949,For Sale,13.0,2026-01-06 10:11:56,Vinyl is VG+ with only light handling wear. Previous owner’s name written on the inner label. Cover has crate wear but still holds up. Essential early ’80s funk and R&B with that classic One Way groove.,Very Good Plus (VG+),Very Good (VG),Y,,230,1,c59
3453426183,Orlando Contreras,Orlando Contreras,Teca Records,XL-3012,"LP, Album",12851573,For Sale,13.76,2026-01-06 10:11:56,"Solid VG+ copy with only minor handling wear. Plays beautifully with rich sound. Cover is in great shape, showing only light signs of storage. Essential deep-cut bolero from the golden age of Latin ballads.",Very Good Plus (VG+),Very Good Plus (VG+),Y,,230,1,d51
3451753254,Osibisa,Welcome Home,"Island Records, Bronze",ILPS 9355,"LP, Album, Gat",554580,For Sale,15.0,2026-01-06 10:11:56,"1975 Afro-funk meets prog-rock, courtesy of Osibisa. High-energy rhythms, deep grooves, and vibrant instrumentation. Vinyl is VG+, plays clean with light signs of use. Sleeve VG, some edge wear and minor ring wear, but solid.",Very Good Plus (VG+),Very Good (VG),Y,,230,1,D53
3453449361,Pacific Blue (2),Argentina Forever,Prelude Records,PRL-D 153,"12"", Blu",1383402,For Sale,6.99,2026-01-06 10:11:56,"Blue vinyl pressing. Has light scuffs and groove wear, but nothing that overpowers the music. Inner label has some scuffing with previous owner’s name written on it. Housed in a generic sleeve.",Very Good (VG),Generic,Y,,230,1,d53
3410293578,Parliament,Trombipulation,Casablanca,NBLP 7249,"LP, Album, PRC",4608211,Sold,15.0,2026-01-06 10:11:56,"Excellent shape vinyl, cover in very good shape, minor crate wear. Everything kept in protective sleeves because I care.",Very Good Plus (VG+),Very Good Plus (VG+),Y,,230,1,
3410495430,Patrick Adams Presents Phreek,Patrick Adams Presents Phreek,Atlantic,SD 19213,"LP, Album, PR ",4129573,For Sale,25.0,2026-01-06 10:11:56,"very good shape vinyl, cover in very good shape, minor crate wear. Everything kept in protective sleeves because I care.",Very Good (VG),Very Good (VG),Y,,230,1,
3453331215,Peaches & Herb,2 Hot!,"Polydor, Polydor","PD-1-6172, 2391 378","LP, Album, PRC",451831,For Sale,9.99,2026-01-06 10:11:56,"Vinyl is very clean with a nice gloss, plays beautifully. Cover has some corner and edge wear but still holds up well. Classic late-’70s disco-soul with that smooth Peaches & Herb chemistry.",Very Good Plus (VG+),Very Good (VG),Y,,230,1,b56
3433967232,Peter Brown (2),A Fantasy Love Affair,"Drive, Drive","104, DR-104","LP, Album, Gat",4464641,For Sale,15.0,2026-01-06 10:11:56,"VG+ vinyl, VG cover. Record is in great shape with only light surface marks. There is a small white paper spot adhered to one area, which may come off with rubbing alcohol, but I’m leaving that to the next owner. Plays clean with no major noise or skips. Gatefold cover has edge wear, some creases, and general shelf wear but remains structurally solid. Kept in protective sleeves because I care. Ships in Whiplash mailers for secure, damage-free delivery. Let me know if you’d like photos!",Very Good Plus (VG+),Very Good (VG),Y,,230,1,c34
2943636772,Philly Cream (2),No Time Like Now,WMOT Records,JW36840,"LP, Album",1659464,Sold,15.0,2026-01-06 10:11:56,"excellent shape, everything kept in protective sleeves",Near Mint (NM or M-),Very Good Plus (VG+),Y,,230,1,
3419817432,Pieces Of A Dream,Pieces Of A Dream,Elektra,6E-350,"LP, Album, SP",447044,For Sale,20.0,2026-01-06 10:11:56,"Excellent shape vinyl, cover in very good shape, minor crate wear. Everything kept in protective sleeves because I care.",Very Good Plus (VG+),Very Good Plus (VG+),Y,,230,1,
2941432972,The Players Association,The Players' Association,"Vanguard, Vanguard","VSD•79384, VSD 79384","LP, Album",456669,For Sale,20.0,2026-01-06 10:11:56,"Excellent shape, everything kept in protective sleeves",Near Mint (NM or M-),Very Good Plus (VG+),Y,,230,1,
2941432528,The Players Association,We Got The Groove!,"Vanguard, Vanguard","VSD • 79431, VSD 79431","LP, Album",347746,For Sale,20.0,2026-01-06 10:11:56,"Excellent shape, everything kept in protective sleeves",Near Mint (NM or M-),Very Good Plus (VG+),Y,,230,1,
3453438003,Pockets,Come Go With Us,Columbia,PC 34879,"LP, Album",548627,For Sale,17.99,2026-01-06 10:11:56,"Super clean copy, bordering on NM. Just minor crate wear and edge bumps on the cover. Vinyl plays beautifully with crisp sound. A sleeper funk/soul classic from 1977—grooves for days.",Very Good Plus (VG+),Not Graded,Y,,230,1,d52
3453402264,Pointer Sisters,Break Out,Planet (15),BXL1-4705,"LP, Album, Ind",1705919,For Sale,14.99,2026-01-06 10:11:56,"Near NM-, flawless condition. Still in original shrink with hype sticker intact. A classic ‘80s pop-funk masterpiece—pure energy and tight production.",Very Good Plus (VG+),Very Good Plus (VG+),Y,,230,1,c55
2943642727,Psychic Mirrors,Ophilia,"Amnisia, Peoples Potential Unlimited",AM#101,"2xLP, Album",22893014,For Sale,40.0,2026-01-06 10:11:56,"excellent shape, everything kept in protective sleeves",Near Mint (NM or M-),Near Mint (NM or M-),Y,,460,2,
3419815767,Queen,A Night At The Opera,Elektra,7E-1053,"LP, Album, CSM",1361079,For Sale,70.0,2026-01-06 10:11:56,"Excellent shape vinyl, cover in decent shape, crate wear, ring wear. Everything kept in protective sleeves because I care.",Very Good Plus (VG+),Very Good (VG),Y,,230,1,
3419815152,Queen Latifah,All Hail The Queen,Tommy Boy,TB 1022,"LP, Album",439316,For Sale,40.0,2026-01-06 10:11:56,"Excellent shape vinyl, cover in very good shape, minor crate wear. Everything kept in protective sleeves because I care.",Very Good Plus (VG+),Very Good Plus (VG+),Y,,230,1,
3471530817,Quincy Jones,Smackwater Jack,A&M Records,SP-3037,"LP, Album, Ter",601954,For Sale,20.0,2026-01-06 10:11:56,"Clean and well-kept copy with light signs of play. A couple of faint hairlines, nothing that affects play. Cover in great shape with only minor edge wear. Kept in protective sleeves because I care. Ships in Whiplash mailers for secure, damage-free delivery. Let me know if you’d like photos!  A jazz-funk classic with cinematic flair.",Very Good Plus (VG+),Very Good Plus (VG+),Y,,230,1,b63
2942811307,Quincy Jones,The Dude,A&M Records,SP-3721,"LP, Album, Y -",320334,For Sale,25.0,2026-01-06 10:11:56,"excellent shape, everything kept in protective sleeves. 1983 post disco gold.",Near Mint (NM or M-),Very Good Plus (VG+),Y,,230,1,
3419790297,Quincy Jones,The Dude,A&M Records,SP-3721,"LP, Album, B",5346278,For Sale,20.0,2026-01-06 10:11:56,,Very Good Plus (VG+),Very Good Plus (VG+),Y,,230,1,
3451680180,Rage Against The Machine,The Battle Of Mexico City,"Epic, Legacy, Epic, Legacy","19439845151, 19439845151S1","Album, RSD, RE + LP, Gre + LP, Red",19027405,For Sale,39.99,2026-01-06 10:11:56,"Pristine copy, barely handled. Looks unplayed with a glossy, flawless surface. Sleeve is in near mint condition with sharp corners and zero wear. A must-have live performance from Rage, delivering that raw, explosive energy.",Near Mint (NM or M-),Near Mint (NM or M-),Y,,690,2,
3143068607,Rasa (9),Everything You See Is Me,Govinda Records (2),RA-106,"LP, Album",843564,For Sale,15.0,2026-01-06 10:11:56,Vinyl in excellent shape. Cover also great shape. Everything kept in protective sleeves,Near Mint (NM or M-),Very Good Plus (VG+),Y,,230,1,#3
3453187959,"Ray, Goodman & Brown","Ray, Goodman & Brown","Polydor, Polydor","PD-1-6240, 2391 434","LP, Album, 53 ",766905,For Sale,5.0,2026-01-06 10:11:56,"1979 smooth soul harmonies from Ray, Goodman & Brown. Essential slow jam vibes with that unmistakable late-’70s production warmth. Vinyl is VG+, well-kept with great playback. Sleeve VG, some corner bumps but still holding strong.",Very Good Plus (VG+),Very Good (VG),Y,,230,1,
3453406818,Ready For The World,Oh Sheila,MCA Records,MCA-23572,"12"", Single, PRC",7960403,For Sale,5.0,2026-01-06 10:11:56,"Vinyl is in solid VG+ shape with only light handling wear. Classic ‘80s R&B jam, perfect for any dancefloor or nostalgia trip.",Very Good Plus (VG+),Generic,Y,,230,1,c58
3419814426,René & Angela,Street Called Desire,"Mercury, Mercury","422-824 607-1 M-1, 824 607-1 M-1","LP, Album, 72",712396,For Sale,25.0,2026-01-06 10:11:56,"Excellent shape vinyl, cover in very good shape, minor crate wear. Everything kept in protective sleeves because I care.",Very Good Plus (VG+),Very Good Plus (VG+),Y,,230,1,
3451685508,The Ritchie Family,Arabian Nights,Marlin,MARLIN 2201,"LP, Album, P/Mixed",200385,For Sale,15.0,2026-01-06 10:11:56,1976 Marlin release featuring the disco suite “Arabian Nights.” Vinyl is in solid VG+ shape with only light signs of play. Cover has some edge wear and general shelf wear but still intact. A great copy for any disco lover!,Very Good Plus (VG+),Very Good (VG),Y,,230,1,
2942806810,Rodney Franklin,Marathon,Columbia,FC 38953,"LP, Album",1265133,For Sale,10.0,2026-01-06 10:11:56,"Great shape, everything kept in protective sleeves",Very Good Plus (VG+),Very Good Plus (VG+),Y,,230,1,
3451678545,Rodney Franklin,Marathon,Columbia,FC 38953,"LP, Album",1265133,For Sale,6.75,2026-01-06 10:11:56,"Solid VG+ vinyl with only minor surface marks—plays clean. Cover has some general wear, a few edge scuffs, and light ring wear but nothing serious. Smooth, sophisticated jazz-funk grooves from Franklin—underrated gem!",Very Good Plus (VG+),Very Good (VG),Y,,230,1,
3419883816,Rootsman,Mister Music Man,Love People Records,LPL 006,LP,2420390,For Sale,10.0,2026-01-06 10:11:56,"Excellent shape vinyl, cover in very good shape, original shrink. Everything kept in protective sleeves because I care.",Near Mint (NM or M-),Near Mint (NM or M-),Y,,230,1,
3430779273,Rose Royce,Strikes Again,Whitfield Records,WHK 3227,"LP, Album, Gol",1061951,For Sale,10.0,2026-01-06 10:11:56,VG+/VG+ – Vinyl is in great shape with minimal wear. Cover is well-preserved with only light signs of handling. Stored in protective sleeves and shipped in Whiplash mailers for top-tier protection. Let me know if you’d like photos! Strikes Again delivers smooth funk and soulful grooves—Love Don’t Live Here Anymore is the undeniable standout.,Very Good Plus (VG+),Very Good Plus (VG+),Y,,230,1,
2943668035,Roy Ayers,In The Dark,Columbia,FC 39422,"LP, Album, Pit",284547,For Sale,10.0,2026-01-06 10:11:56,"excellent shape, everything kept in protective sleeves",Very Good Plus (VG+),Very Good (VG),Y,,230,1,
3451681800,Roy Ayers,You Might Be Surprised,Columbia,FC 40022,"LP, Album, Pit",999630,For Sale,20.0,2026-01-06 10:11:56,"Still in original shrink with hype sticker intact. Vinyl is clean with only minor signs of handling. Cover retains its sharp look, protected by the shrink wrap. Essential mid-’80s Roy Ayers—smooth, funky, and underrated.",Very Good Plus (VG+),Very Good Plus (VG+),Y,,230,1,
3453464895,The Salsoul Orchestra,Nice 'n' Naasty,"Salsoul Records, Salsoul Records","SZS-5502, SZS 5502","LP, Album, Pit",894300,Sold,12.0,2026-01-06 10:11:56,"Vinyl is clean and well-kept, with only minor handling wear. Sleeve has some wear but still presents well. ask for pics",Very Good Plus (VG+),Very Good (VG),Y,,230,1,d54
3453477129,The Salsoul Orchestra,Salsoul Orchestra,Salsoul Records,SZS 5501,"LP, Album, Pit",3698902,For Sale,7.5,2026-01-06 10:11:56,"A classic slice of disco history. Vinyl is in excellent shape with light handling marks, plays great. Cover has visible edge wear and handling marks but still presents well.",Very Good Plus (VG+),Very Good (VG),Y,,230,1,d55
3430621155,Santana,Abraxas,Columbia,KC 30130,"LP, Album, Pit",6534046,For Sale,50.0,2026-01-06 10:11:56,"VG+ vinyl, VG cover. Light marks on the record, plays great. Cover has expected shelf wear, mostly on the back, but the gatefold still looks solid. Kept in protective sleeves because I care. Let me know if you’d like photos! Oye Como Va is the banger, but Incident at Neshabur is the deep cut that really hits.",Very Good Plus (VG+),Very Good (VG),Y,,230,1,
3430781088,Scrunter,Gimme Some,Charlo's Productions,CP 89013,"LP, Album",5830462,For Sale,5.0,2026-01-06 10:11:56," NM/VG+ – Vinyl is near mint, clean and well-preserved. Cover is in great shape with the original shrink wrap still intact. Kept in protective sleeves and shipped in Whiplash mailers for secure delivery. Let me know if you’d like photos! A soca gem—Gimme Some is pure energy, guaranteed to liven up any set.",Near Mint (NM or M-),Very Good Plus (VG+),Y,,230,1,
3430585926,Scrunter,Soca Bacchanal,Hibiscus Records (3),NC 0011,"12""",1374332,For Sale,7.0,2026-01-06 10:11:56,"Excellent shape vinyl, cover in great shape, original shrink, minor crate wear. Everything kept in protective sleeves because I care.",Near Mint (NM or M-),Very Good Plus (VG+),Y,,230,1,
3451682994,Sharon Redd,Beat The Street,Prelude Records,PRL D 563,"12"", Promo",373817,Sold,8.0,2026-01-06 10:11:56,"Clean copy of this Prelude Records disco classic. Vinyl has some minor hairlines but plays through beautifully. No original sleeve, but housed in a clean generic cover. If you know, you know—Eric Matthew’s production is untouchable.",Very Good Plus (VG+),Generic,Y,,230,1,
3451754346,Silver Convention,Silver Convention,Midland International,BKL1-1369,"LP, Album",935775,For Sale,8.0,2026-01-06 10:11:56," 1976 Euro-disco perfection from Silver Convention. Classic Munich groove that set the blueprint for disco’s golden era. Vinyl is VG+, clean sound with only faint surface signs. Sleeve VG, moderate edge wear but still solid.",Very Good Plus (VG+),Very Good (VG),Y,,230,1,a54
1915046894,Slave,Stone Jam,Cotillion,SD 5224,"LP, Album, SP ",813751,For Sale,20.0,2026-01-06 10:11:56,"Wax has some hairlines, music plays through. Cover in VG+ condition, includes original inner sleeve. Everything now kept in protective sleeves.",Very Good (VG),Very Good Plus (VG+),Y,,230,1,
2943646957,Slave,Stone Jam,Cotillion,SD 5224,"LP, Album, SP ",813751,For Sale,25.0,2026-01-06 10:11:56,"excellent shape, everything kept in protective sleeves",Very Good Plus (VG+),Very Good Plus (VG+),Y,,230,1,
3430587276,Slave,Stone Jam,Cotillion,SD 5224,"LP, Album, SP ",813751,For Sale,25.0,2026-01-06 10:11:56,"Vinyl is in excellent shape and the cover is well-preserved with only minor crate wear. There’s a DJ BPM sticker in the top right corner. I keep everything in protective sleeves because I care about quality. If you’d like a photo, just let me know. “Watching You” is the standout track!",Very Good Plus (VG+),Very Good (VG),Y,,230,1,
2943649777,Slave,The Hardness Of The World,Cotillion,SD 5201,"LP, Album, PR",2981454,For Sale,15.0,2026-01-06 10:11:56,,Near Mint (NM or M-),Very Good Plus (VG+),Y,,230,1,
3419823162,Sly & The Family Stone,Greatest Hits,Epic,PE 30325,"LP, Comp, RE, Gat",394409,For Sale,15.0,2026-01-06 10:11:56,"Excellent shape vinyl, cover in very good shape, minor crate wear. Everything kept in protective sleeves because I care.",Very Good Plus (VG+),Very Good Plus (VG+),Y,,230,1,
3471465069,Stuff (2),Stuff,Warner Bros. Records,BS 2968,"LP, Album, Win",642414,For Sale,38.0,2026-01-06 10:11:56,"VG+ vinyl, VG+ cover. Original shrink intact, wax looks nice, and includes the original inner sleeve. Just a touch of edge wear, but the grooves are crisp and clean. Kept in protective sleeves because I care. Ships in Whiplash mailers for secure, damage-free delivery. Let me know if you’d like photos!",Very Good Plus (VG+),Very Good Plus (VG+),Y,,230,1,
3453404424,The Stylistics,Heavy,Avco,AV-69004-698,"LP, Album",9227133,For Sale,13.76,2026-01-06 10:11:56,"Great shape, light edge wear, vinyl plays clean. Underrated gem from The Stylistics—smooth, deep grooves with that signature Philly soul elegance.",Very Good Plus (VG+),Very Good Plus (VG+),Y,,230,1,c56
3453405669,The Stylistics,Rockin' Roll Baby,Avco,AV-11010-598,"LP, Album, Mon",1079075,Sold,20.0,2026-01-06 10:11:56," Some crate and ring wear on the cover, but the wax itself looks fresh. Classic Stylistics sound—smooth harmonies and lush orchestration.",Very Good Plus (VG+),Very Good Plus (VG+),Y,,230,1,c57
2943657595,T-Connection,Magic,"Dash, Dash, Dash","D-30004, DASH-30004, Magic-D-30004","LP, Album, She",3054132,For Sale,10.0,2026-01-06 10:11:56,"excellent shape, everything kept in protective sleeves",Very Good Plus (VG+),Very Good Plus (VG+),Y,,230,1,
2943659875,T-Connection,Pure & Natural,Capitol Records,ST-12191,"LP, Album",1279428,For Sale,15.0,2026-01-06 10:11:56,"excellent shape, everything kept in protective sleeves. musicians jazz-funk type band ",Very Good Plus (VG+),Very Good Plus (VG+),Y,,230,1,
2943655432,T-Connection,T-Connection,"Dash, Dash, Dash","30009, DASH 30009, Dash 30009","LP, Album",3031284,For Sale,15.0,2026-01-06 10:11:56,"excellent shape, everything kept in protective sleeves",Very Good Plus (VG+),Very Good Plus (VG+),Y,,230,1,
3410096070,Tavín Pumarejo Y El Conjunto Quisqueya,La Combinación Ganadora,Viva Records (6),LP-00142,"LP, Album",3136680,For Sale,15.0,2026-01-06 10:11:56,"Excellent shape vinyl, cover in very good shape, minor crate wear. Everything kept in protective sleeves because I care.",Very Good Plus (VG+),Very Good Plus (VG+),Y,,230,1,
3410546142,The Temptations,Truly For You,Gordy,6119GL,"LP, Album, Sup",10551398,For Sale,10.0,2026-01-06 10:11:56,,Very Good Plus (VG+),Very Good Plus (VG+),Y,,230,1,
3451686318,The Three Degrees,The Three Degrees,Philadelphia International Records,KZ 32406,"LP, Album, Pit",218770,For Sale,20.0,2026-01-06 10:11:56," Philly soul staple with lush harmonies and smooth production. Vinyl is clean and well-kept with only minor surface marks. Sleeve has moderate wear, some edge scuffing, and light ring wear.",Very Good Plus (VG+),Very Good (VG),Y,,230,1,
2943420805,The Time,Ice Cream Castle,"Warner Bros. Records, Warner Bros. Records","9 25109-1, 1-25109","LP, Album, All",625713,For Sale,15.0,2026-01-06 10:11:56,,Near Mint (NM or M-),Very Good Plus (VG+),Y,,230,1,
3143979149,The Time,The Time,Warner Bros. Records,BSK 3598,"LP, Album, Win",8286645,For Sale,15.0,2026-01-06 10:11:56,"Vinyl in excellent shape, cover is in good shape, has some crate wear. Inner label and back of cover has previous owner name. ",Very Good Plus (VG+),Very Good Plus (VG+),Y,,230,1,
3434017668,The Time,What Time Is It?,"Warner Bros. Records, Warner Bros. Records","9 23701-1, 1-23701","LP, Album, SRC",10950760,For Sale,20.0,2026-01-06 10:11:56,"VG+ vinyl, VG+ cover. Record is in excellent shape with only minor signs of handling. Plays clean with no skips or major noise. Cover has light edge and corner wear but is in solid condition overall. Kept in protective sleeves because I care. Ships in Whiplash mailers for secure, damage-free delivery. Let me know if you’d like photos! 🔥 Classic Minneapolis funk—Prince’s magic is all over this!",Very Good Plus (VG+),Very Good Plus (VG+),Y,,230,1,B31
3410098833,Timex Social Club,Rumors,"Jay Records, Jay Records","001, JAY 001","12"", Single, Mar",224118,For Sale,5.0,2026-01-06 10:11:56,,Good Plus (G+),Very Good (VG),Y,,230,1,
3419822478,Timex Social Club,Rumors,"Jay Records, Jay Records","001, JAY 001","12"", Single, Mar",224118,For Sale,15.0,2026-01-06 10:11:56,"Great shape vinyl, cover in good shape, DJ BPM sticker, minor crate wear. Everything kept in protective sleeves because I care.",Very Good Plus (VG+),Very Good Plus (VG+),Y,,230,1,
3451688295,Tina Turner,Private Dancer,Capitol Records,ST-12330,"LP, Album, Jac",6256142,For Sale,10.0,2026-01-06 10:11:56,"A true classic from the queen of rock & soul. This VG copy plays well with some light groove wear and surface marks, but no skips or overpowering noise. Sleeve has moderate wear, some creasing, and edge scuffing but remains intact.",Very Good (VG),Very Good (VG),Y,,230,1,
3451689177,Toto,Toto IV,Columbia,FC 37728,"LP, Album, Ter",723633,For Sale,15.0,2026-01-06 10:11:56,"Includes the original inner sleeve. Vinyl has some noticeable groove wear and light scratches, but still plays well without overpowering noise. Sleeve has moderate wear, a bit of edge scuffing, and some ring wear.",Very Good (VG),Very Good (VG),Y,,230,1,
2941447888,Toût Swėėt,Another Man Is Twice As Nice,Buzz Records (2),BZ1103,"12""",366342,For Sale,20.0,2026-01-06 10:11:56,"Great shape, everything kept in protective sleeves. Love this response to Barbara Mason",Near Mint (NM or M-),Generic,Y,,230,1,
3419788434,Vanity 6,Nasty Girl / He's So Dull / Drive Me Wild,"Warner Bros. Records, WEA",92.9858-0,"12"", Maxi",95813,For Sale,25.0,2026-01-06 10:11:56,"Excellent shape, nearly mint vinyl, cover in very good shape, minor crate wear. Top 3 inches of spine near ""Maxi Single"" worn down. Vintage UK record shop tag.  Everything kept in protective sleeves because I care.",Near Mint (NM or M-),Very Good Plus (VG+),Y,,230,1,
3410231373,Various,Disco Party,Marlin,MARLIN 2207/08,"2xLP, Comp, Mixed",8372329,For Sale,10.0,2026-01-06 10:11:56,"Excellent shape vinyl, cover in very good shape, minor crate wear. Everything kept in protective sleeves because I care.",Very Good Plus (VG+),Very Good Plus (VG+),Y,,460,2,
3143054816,Various,Street Beat,"Sugar Hill Records, Sugar Hill Records","SH2-9228, SH-2-9228","2xLP, Comp",206646,For Sale,20.0,2026-01-06 10:11:56,"Cool collection. Vinyl in very good shape. Cover in good condition as well, some crate wear. Hype Sticker from St.Marks Sounds in Manhattan.",Very Good Plus (VG+),Very Good Plus (VG+),Y,,460,2,#3
3451742607,Various,Thank God It's Friday (The Original Motion Picture Soundtrack),"Casablanca, Casablanca","NBLP-7099, NBLP 7099-3","2xLP, Album, Als + 12"", S/Sided, Single",2543892,For Sale,20.0,2026-01-06 10:11:56,"1978 Casablanca disco soundtrack, featuring Donna Summer, The Commodores, Love & Kisses, and more. Oh, and Jeff Goldblum is in the film—just in case you needed another reason to own this gem. Vinyl is VG+, plays clean with minimal wear. Sleeve VG, some noticeable ring wear but no structural damage.",Very Good Plus (VG+),Very Good (VG),Y,,690,3,
2943429328,Various,The Best Of Chi-Sound Records 1976-1984,Demon Records,DEMREC992,"2xLP, RSD, Comp, Mono, Blu",22895636,For Sale,35.0,2026-01-06 10:11:56,"excellent shape, everything kept in protective sleeves",Near Mint (NM or M-),Near Mint (NM or M-),Y,,460,2,
3451718457,Various,The Big Chill (Original Motion Picture Soundtrack),Motown,6062 ML,"LP, Comp, Car",1421693,For Sale,18.0,2026-01-06 10:11:56,"1983 Motown soundtrack compilation featuring Marvin Gaye, The Temptations, The Supremes, and more. Vinyl is VG+, clean sound with minimal wear. Sleeve VG, some edge and ring wear but solid overall.",Very Good Plus (VG+),Very Good (VG),Y,,230,1,
2962079797,Various,Trojan Records - Rude Boy Rumble,Trojan Records,BMG15009V,"LP, RSD, Comp",6913433,For Sale,30.0,2026-01-06 10:11:56,"Great shape, everything kept in protective sleeves and handled with love. Great mix of classic rocksteady bangers",Near Mint (NM or M-),Near Mint (NM or M-),Y,,230,1,
2941454395,Warp 9,Light Years Away,Prism,PDS 460,"12"", Single",80384,For Sale,20.0,2026-01-06 10:11:56,"Great shape, everything kept in protective sleeves",Near Mint (NM or M-),Very Good Plus (VG+),Y,,230,1,
3451687434,The Weather Girls,It's Raining Men,"The Entertainment Company Records, Columbia",44-03181,"12""",352519,For Sale,9.0,2026-01-06 10:11:56,"Classic disco anthem that never fails to get the floor moving. Vinyl is in strong VG+ shape, plays beautifully with minimal surface signs. Sleeve has noticeable wear, some edge scuffing, and light ring wear but still solid.",Very Good Plus (VG+),Very Good (VG),Y,,230,1,
3419880636,The Whispers,In The Raw,Solar,AS-11543,"12"", Promo",507294,For Sale,15.0,2026-01-06 10:11:56,"Excellent shape vinyl, generic Elektra Asylum ""Butterfly"" cover, minor crate wear. Previous owner ""Whispers"" sticker label. Everything kept in protective sleeves because I care.",Near Mint (NM or M-),Generic,Y,,230,1,
3410097630,Whitney Houston,Whitney,Arista,AL-8405,"LP, Album",5543825,For Sale,75.0,2026-01-06 10:11:56,"1987 LP featuring the hits I Wanna Dance with Somebody and Didn’t We Almost Have It All. Vinyl is VG+, plays well with light surface marks. Original inner sleeve included. Cover in VG+ shape with mild wear, solid spine.",Very Good Plus (VG+),Very Good Plus (VG+),Y,,230,1,
3451694250,Whitney Houston,Whitney Houston,"Arista, Arista","AL 8-8212, AL8-8212","LP, Album",5856861,For Sale,60.0,2026-01-06 10:11:56,"Classic debut LP from Whitney Houston, featuring “Saving All My Love for You” and “How Will I Know.” Vinyl is in VG+ condition, clean with light handling marks. Sleeve has moderate wear on edges and corners but remains solid overall.",Very Good Plus (VG+),Very Good (VG),Y,,230,1,
3453335931,Yellowman,King Yellowman,Columbia,BFC 39301,"LP, Album",1833347,For Sale,25.0,2026-01-06 10:11:56,"Solid VG+, could even be NM-. Cover has light scuffs on edges but still presents well. Vinyl plays clean. Classic ’84 Yellowman—dancehall energy, roots vibes, and the king in his prime.",Very Good Plus (VG+),Very Good Plus (VG+),Y,,230,1,b59
3453848538,Yes,Fragile,Atlantic,SD 7211,"LP, Album, RP, PR-",485319,For Sale,16.0,2026-01-06 10:11:56,"VG+ vinyl with clean sound, some light handling marks. Cover in VG shape with light wear on edges. Classic progressive rock essential with that crisp Atlantic Records mastering.",Very Good Plus (VG+),Very Good (VG),Y,,230,1,d57
3410066163,Zapp,Zapp III,"Warner Bros. Records, Warner Bros. Records","1-23875, 9 23875-1","LP, Album, Win",639260,For Sale,20.0,2026-01-06 10:11:56,"Excellent shape vinyl, cover in very good shape, minor crate wear. Everything kept in protective sleeves because I care.",Very Good Plus (VG+),Very Good Plus (VG+),Y,,230,1,
4002667303,Orlando Contreras,El Reencuentro,Continental De Discos,LPXL-3003,"LP, Album",23673200,For Sale,20.0,2026-01-25 07:05:13,"Excellent overall. Sleeve appears barely handled, with light corner bumping. No other notable wear.",Very Good Plus (VG+),Very Good Plus (VG+),N,,230,1,
